Votes,VotedBy,Name,Grade,GradeNumeric,InFinland,AreaLevel1,AreaLevel2,AreaLevel3,Crag,ApproximateCoordinates,Coordinates,Latitude,Longitude,Url27crags,UrlVideo,UrlStory,MainProfiles,MainHoldTypes,MainSkillsNeeded,Adjectives,Comments
7,Male,Kun Jari koskee,7A,14,Yes,Uusimaa,Helsinki,Sipoo,Uusi Sipoo,No,"60.311802,25.249057",60.311802,25.249057,https://27crags.com/crags/uusi-sipoo/routes/kun-jari-koskee,https://www.youtube.com/watch?v=wSGGKyzgbIc,,"kantti (arête),kompressio,pysty (wall)","reuna/kantti (edge/ledge),slouppi (sloper)","huukkaus (hook),keskivartalo (core),kompressio (compression),liikkuvuus (mobility),psyykkinen vahvuus  (mental strength),tasapaino (balance),tekniikka (technique)","erillainen,halattava,herkkää,hieno,hienoa,houkutteleva,hyvä,kaunis,komea,kompressio,kompressiota,paras,pehmeä,tasapainoinen,tekninen,upea,ylpeä","""Parasta kiveä Suomessa"",""Pala fontsua Suomessa"",""Vaatii keskittymistä sekä taitoa"",""tosi hyvää kiveä ,hienot muuvit, kivan näköinen"",""Kivenlaatu kuin fontsu."",""TIMANTTISTA KIVEÄ, HAUSKOJA MUUVEJA. EI LIAAN VAIKEAA TAI VAKAVAMIELISTÄ VÄÄNTÄMISTÄ."""
6,Male,Ruoska,7A,14,Yes,Pirkanmaa,Tampere,Tampere,Tahmela boulder park,No,"61.496876,23.710682",61.496876,23.710682,https://27crags.com/crags/tahmela-boulder-park/routes/ruoska-10567,https://vimeo.com/109491102,,"hänkki (overhang),kantti (arête),pysty (wall)","gastoni (gaston),kahva (jug),krimppi (crimp),poketti (pocket),reuna/kantti (edge/ledge),slouppi (sloper),underi (undercling)","keskivartalo (core),kompressio (compression),liikkuvuus (mobility),psyykkinen vahvuus  (mental strength),sormivoima (finger strength),tasapaino (balance),tekniikka (technique)","herkkä,kaunis,klassinen,korkea,kuumottava,monipuolinen,selkeä,tekninen,voimakas","""Tasaisen haastava ja poikkeuksellisen korkea (tampereen alueella). Hienot muuvit, useita minikrukseja"",""Hienon hieno pystysuora haaste. Hyvä kivenlaatu, selkeät mutta vaikeat muuvit. Jokaiselle kehotyypille omat haasteensa eikä millään ominaisuudella voi huijata."",""Kaunis klassinen linja."""
3,Male,Supermartikainen,7C,18,Yes,Ahvenanmaan maalaiskunta,Geta,,Djupviksgrottorna,No,"60.401355,19.831726",60.401355,19.831726,https://27crags.com/crags/grottan/routes/supermartikainen,https://vimeo.com/178237446,,"hänkki (overhang),kantti (arête)","krimppi (crimp),reuna/kantti (edge/ledge),slouppi (sloper)","huukkaus (hook),keskivartalo (core),kompressio (compression),liikkuvuus (mobility),voima (power)","haastava,hieno,hänkki,kaunis,kompressio,upea,voimahali","""Klassikkoreitti"",""Puhdas linja."",""hienon näköinen, tosi kivat muuvit (pikkasen morpho)"""
3,Both,Puerto Rico,6C,12,Yes,Ahvenanmaan maalaiskunta,Geta,,Fågelberget,No,"60.413026,19.835325",60.413026,19.835325,https://27crags.com/crags/fagelberget/routes/puerto-rico,https://vimeo.com/74195080,,"pysty (wall),släbi (slab)","krimppi (crimp),reuna/kantti (edge/ledge),slouppi (sloper),underi (undercling)","huukkaus (hook),liikkuvuus (mobility),mantteli (mantel),psyykkinen vahvuus  (mental strength),tasapaino (balance),tekniikka (technique)","herkkä,jännä,kaunis,kiva,kuumottava,mantteli,pikku,päätähuimaava,tekninen","""Reitti ehkä suomen kauneimmalla boulder-kivellä. Erityisen herkkä ja hieno reitti"",""Sijainti omaa luokkaansa Fågelbergetissä, kaunis paikka."""
3,Male,Kaljala,6A+,9,Yes,Kanta-Häme,Hämeenlinna,Hämeenlinna,Taljala,No,"61.076313,24.034807",61.076313,24.034807,https://27crags.com/crags/taljala/routes/kaljala,https://www.youtube.com/watch?v=ZUyth-IXZX4,,"hänkki (overhang),pysty (wall)","kahva (jug),krimppi (crimp),pinchi (pinch),reuna/kantti (edge/ledge),slouppi (sloper)","dyno (dyno),huukkaus (hook),keskivartalo (core),sormivoima (finger strength),tekniikka (technique),voima (power)","hankki,jatkuva,karhea,otteikas,terävä,uniikki,visuaalinen,voimallinen ja kaunis","""Hieno, jatkuva pätkä hyvillä otteilla ja muuveilla."""
2,Male,Hottentotti,8A,20,Yes,Uusimaa,,,,Yes,"60.169856,24.938379",60.169856,24.938379,https://27crags.com/crags/myllis/routes/hottentotti,https://www.youtube.com/watch?v=bmcW3HWqjhc,,hänkki (overhang),"kahva (jug),krimppi (crimp),pinchi (pinch),slouppi (sloper)","dyno (dyno),huukkaus (hook),keskivartalo (core),kompressio (compression),liikkuvuus (mobility),psyykkinen vahvuus  (mental strength),sormivoima (finger strength),tekniikka (technique),voima (power)","klassikko,märkä,raastava,rehellinen,voimallinen,voittamaton","""Hermoja raastava ja rankaisee heti, kun teet virheen."""
2,Male,Long running funk,8A,20,Yes,Etelä-Savo,,,,Yes,"61.688727,27.272146",61.688727,27.272146,https://27crags.com/crags/roof-x/routes/long-running-funk,https://vimeo.com/224514202,,"katto (roof),pysty (wall)","kahva (jug),krimppi (crimp),pinchi (pinch),slouppi (sloper),underi (undercling)","huukkaus (hook),keskivartalo (core),kestävyys (endurance),kompressio (compression),sormivoima (finger strength),tekniikka (technique),voima (power)",",jylhä,jyrkkä,kaunis,uniikki","""Hyvät muuvit, Suomessa harvinaista kattiloiden lyö Suomen kauneimmalle kiipeilypäivän."""
2,Male,Timantit ovat ikuisia,8A,20,Yes,Pirkanmaa,Tampere,Nokia,Pinsiö Ykkönen (Korpijärvi),No,"61.533736,23.490055",61.533736,23.490055,https://27crags.com/crags/pinsio-ykkonen-korpijarvi/routes/timantit-ovat-ikuisia,https://vimeo.com/129207500,,pysty (wall),krimppi (crimp),"keskivartalo (core),kestävyys (endurance),psyykkinen vahvuus  (mental strength),sormivoima (finger strength),tasapaino (balance),tekniikka (technique),voima (power)","fyysinen,kirpeitäkrimppejä,psyykkinen,silmiähivelevä,uljaskomiakaunis","""Selkeä linja, selkeillä otteilla. Tosi hieno linja, jossa hyvät moovit. Kirsikkana kakun päällä ilmava toppaus, joka on semihaastava."""
2,Male,Kompressöör,7C,18,Yes,Uusimaa,Helsinki,Sipoo,Uusi Sipoo,No,"60.314634,25.243150",60.314634,25.24315,https://27crags.com/crags/uusi-sipoo/routes/kompressoor,https://www.youtube.com/watch?v=GpKmlCoPpr8,,"hänkki (overhang),kantti (arête),pysty (wall),släbi (slab)",slouppi (sloper),"huukkaus (hook),keskivartalo (core),kompressio (compression),liikkuvuus (mobility),tasapaino (balance),tekniikka (technique)","herkkä,monipuolinen,tasapainottelu,voima","""Monipuolinen"""
2,Male,Herkules,7B+,17,Yes,Keski-Suomi,Jyväskylä,Jyväskylä,Herkules,No,"62.100899,25.774500",62.100899,25.7745,https://27crags.com/crags/herkules/routes/herkules,https://vimeo.com/53035588,,"kantti (arête),pysty (wall)","krimppi (crimp),reuna/kantti (edge/ledge)","huukkaus (hook),kompressio (compression),psyykkinen vahvuus  (mental strength),tekniikka (technique)","hieno,kaunis,komea,korkea","""kivat muuvit, sopivan korkea ,ihan mukavat otteet."""
2,Male,Elämä on pyyttonia,7B,16,Yes,Pohjois-Pohjanmaa,Raahe,Siikajoki,Luohua,No,"64.502098,25.227200",64.502098,25.2272,https://27crags.com/crags/luohua/routes/elama-on-pyyttonia,,,"pysty (wall),släbi (slab)",slouppi (sloper),"huukkaus (hook),keskivartalo (core),kestävyys (endurance),liikkuvuus (mobility),tekniikka (technique)","hieno,huukattava,korkea,mieletön,pitkä,sileä","""Puhdas sloupperi probleema pitkällä traversella, päättyen pitkään lukkoon ja herkkään high ball toppaukseen"""
2,Male,Endless hangover,7B,16,Yes,Uusimaa,,,,Yes,"60.169856,24.938379",60.169856,24.938379,https://27crags.com/crags/myllis/routes/endless-hangover,,,hänkki (overhang),"kahva (jug),krimppi (crimp)","huukkaus (hook),keskivartalo (core),kestävyys (endurance),sormivoima (finger strength),voima (power)","dynaaminen,hänkki,jännittävä,monipuolinen,pelottava,pitkä","""Hieno ja jatkuva linja alusta loppuun tiukalla hänkillä ja hyvillä otteilla"",""Hienot muuvit ja huukkeja."""
2,Both,Saturday night fever,7B,16,Yes,Uusimaa,Helsinki,Espoo,Soukka,No,"60.129404,24.680926",60.129404,24.680926,https://27crags.com/crags/soukka/routes/saturday-night-fever,https://vimeo.com/120869236#t=4m2s,,"hänkki (overhang),kantti (arête),pysty (wall)","krimppi (crimp),pinchi (pinch),reuna/kantti (edge/ledge)","dyno (dyno),huukkaus (hook),keskivartalo (core),liikkuvuus (mobility),psyykkinen vahvuus  (mental strength),sormivoima (finger strength),tekniikka (technique),varvas koukku,voima (power)","ilmava,klassikko,opettelua vaativa","""Pisteet tulee siitä, että lyhyenä joutui kikkailemaan ja projektoimaan ja silti onnistui."""
2,Male,Tyhjä sielu,7B,16,Yes,Uusimaa,Helsinki,Vantaa,Suunnistaja,No,"60.301108,25.174015",60.301108,25.174015,https://27crags.com/crags/suunnistaja/routes/tyhja-sielu-22850,https://www.youtube.com/watch?v=URjsHkflyt8&t=16m4s,,hänkki (overhang),"kahva (jug),krimppi (crimp),pinchi (pinch),reuna/kantti (edge/ledge),slouppi (sloper),underi (undercling)","huukkaus (hook),keskivartalo (core),sormivoima (finger strength),tekniikka (technique),voima (power)","hauska,huukkitekninen,oterikas,poikeuksellinen,voimallinen","""Upeita moveja jatkuvalla syötöllä huikeella kivenlaadulla"",""EI EHKÄ VAIKEIN GREIDISSÄÄN, MUTTA HAUSKAA  JA EPÄTYYPILLISTÄ KIIPEILYÄ SUOMALAISELTA BOULDERILTA, KIVEN LAATU MYÖS LÄHTÖKOHTAISESTI HYVÄ!"""
2,Both,Uberhänk,7B,16,Yes,Pohjanmaa,Vaasa,Vaasa,Hautuumaa,No,"63.063999,21.730200",63.063999,21.7302,https://27crags.com/crags/hautuumaa/routes/uberhank,https://vimeo.com/26774987#t=1m54s,,"hänkki (overhang),kantti (arête)","krimppi (crimp),reuna/kantti (edge/ledge),slouppi (sloper)","dyno (dyno),huukkaus (hook),tekniikka (technique),voima (power)","dynaaminen,huukkailtava,jännittävä,kaunis,kuvauksellinen,tyylikäs","""Lähtö luolasta, huukattava kantti sloupperiin, jännittävä bulgen ylitys pikkukrimpillä, no shit moves"",""Boulderin nähdessään sen haluaa kiivetä! Selkeä kantti, hänkkäävä ja kuvauksellinen. Useampi tapa kiivetä toppiin."""
2,Male,Block Work,7A,14,Yes,Uusimaa,Loviisa,Loviisa,Lappnor,No,"60.418968,26.122098",60.418968,26.122098,https://27crags.com/crags/lappnor/routes/block-work,https://vimeo.com/182411635#t=2m7s,,hänkki (overhang),"kahva (jug),krimppi (crimp)","huukkaus (hook),keskivartalo (core),sormivoima (finger strength),tekniikka (technique)","haastava,hieno,jatkuva,raskas,tekninen,tiukka","""Loivalla hänkillä upeita moveja"",""Komea jatkuva linja jossa täytyy keskittyä jokaiseen muuviin alusta loppuun."""
2,Male,Comfort Zone,7A,14,Yes,Kanta-Häme,Hämeenlinna,Hämeenlinna,Palkkivehmas,No,"61.033364,24.109727",61.033364,24.109727,https://27crags.com/crags/palkkivehmas/routes/comfort-zone-10460,https://vimeo.com/162333525,,släbi (slab),"jalkaotteet,krimppi (crimp)","keskivartalo (core),liikkuvuus (mobility),psyykkinen vahvuus  (mental strength),tasapaino (balance),tekniikka (technique)","herkkä,kaunis,psyykkinen,tekninen,voimakas","""Hieno släbi niukoilla otteilla. Kiipeilyä lähes pelkillä jaloilla. Olis klassikko missä vaan."""
2,Male,Grand Slam,7A,14,Yes,Pirkanmaa,Tampere,Nokia,Pinsiö,No,"61.527882,23.430898",61.527882,23.430898,https://27crags.com/crags/pinsio/routes/grand-slam,https://vimeo.com/127707483,,pysty (wall),"krimppi (crimp),reuna/kantti (edge/ledge)","dyno (dyno),sormivoima (finger strength),tasapaino (balance),tekniikka (technique)","armoton,hieno,kaunis,korkea,korkeahko,ylväs","""Ulkonäkö ja muuvit ja aivan erityisesti viimeiset viisi senttiä."",""Metsän helmi"""
2,Male,Lorién,7A,14,Yes,Pohjanmaa,Vaasa,Vaasa,Lorién,No,"63.070804,21.574788",63.070804,21.574788,https://27crags.com/crags/lorien/routes/lorien,https://vimeo.com/164969419,,"hänkki (overhang),pysty (wall)","kahva (jug),krimppi (crimp),pinchi (pinch),slouppi (sloper)","dyno (dyno),psyykkinen vahvuus  (mental strength),sormivoima (finger strength),tekniikka (technique)","bold,erilainen,hieno,tekninen,voimallinen","""Hieno tasapaino liike underista pinchiin, josta dynotaan."",""Yksinäinen kivi metsässä, muutama vaikea ja hieno reitti. Lorien teknisesti hienoin ja ainakin toiseksi kuumottavin"""
2,Male,Roadblock,7A,14,Yes,Etelä-Savo,Mikkeli,Mikkeli,Road Block,No,"61.585436,27.801987",61.585436,27.801987,https://27crags.com/crags/road-block/routes/roadblock,https://vimeo.com/183653495,,"hänkki (overhang),kantti (arête),pysty (wall)","krimppi (crimp),reuna/kantti (edge/ledge),slouppi (sloper),underi (undercling)","dyno (dyno),huukkaus (hook),keskivartalo (core),kompressio (compression),psyykkinen vahvuus  (mental strength),sormivoima (finger strength),tekniikka (technique),voima (power)","esteettinen,ilmava,kaunis,selkeä,tekninen,uljas","""Se että ilman oikeaa betaa et välttämättä pääse edes maasta ylös. Hyvä kivenlaatu, hienot moovit: herkät ja tekniset jalat yhdistettynä yläkropan runttaaviin mooveihin. Lisäksi toppauksen ilmavuus ja äärimmäisen lyhyt lähestyminen tekee tästä klassikon!"""
2,Male,Voodoo,7A,14,Yes,Ahvenanmaan maalaiskunta,Geta,,Djupviksgrottorna,No,"60.397900,19.830299",60.3979,19.830299,https://27crags.com/crags/grottan/routes/voodoo,https://vimeo.com/29114960#t=41s,,"hänkki (overhang),katto (roof)","kahva (jug),krimppi (crimp),reuna/kantti (edge/ledge),underi (undercling)","huukkaus (hook),keskivartalo (core),kestävyys (endurance),liikkuvuus (mobility),sormivoima (finger strength),tekniikka (technique),voima (power)","hänkki,katto,kaunis,pitkä,reachy,tiukka","""Siihen löyty aivan helevetin nätti sekvenssi."",""Pitkä staminapumppu, selkeä kruksi keskellä."""
2,Male,Enkeli,6B+,11,Yes,Uusimaa,Helsinki,Espoo,Haukilahti,No,"60.160404,24.764034",60.160404,24.764034,https://27crags.com/crags/haukilahti/routes/enkeli,https://vimeo.com/107602803,,"kantti (arête),pysty (wall)","krimppi (crimp),reuna/kantti (edge/ledge),slouppi (sloper)","huukkaus (hook),keskivartalo (core),mantteli (mantel),psyykkinen vahvuus  (mental strength),tasapaino (balance),tekniikka (technique)","helposti luettava,kaunis,monta variaatiota,sakottaa virheistä,tarkka","""Selvät otteet, joiden kuluneisuus tekee reitistä haastavan. Monipuoliset ja herkät muuvit."",""Kuumottava toppaus ja tarkkoja muuveja kolme ennen sitä"""
2,Both,Suomalaista muotoilua,6B+,11,Yes,Lappi,Rovaniemi,Rovaniemi,Martti Servo,No,"66.384686,25.472145",66.384686,25.472145,https://27crags.com/crags/martti-servo/routes/suomalaista-muotoilua,https://www.youtube.com/watch?v=poL9ZGYIMGU,,"fontsutyylinen pallura.,hänkki (overhang),valaanmaha","kahva (jug),reuna/kantti (edge/ledge),slouppi (sloper)","kompressio (compression),mantteli (mantel),voima (power)","hauska,hylje,kaunis,lowball,muhkea,yllättävä","""Lapin paras toppaus"",""Marttiservolla kivenlaatu takaa miellyttävän kiipeilyn."""
2,Both,Jotain dullattavaa,6B,10,Yes,Ahvenanmaan maalaiskunta,Geta,,Djupviksgrottorna,No,"60.399542,19.830805",60.399542,19.830805,https://27crags.com/crags/grottan/routes/jotain-dullattavaa,https://vimeo.com/43574383#t=5m50s,,"hänkki (overhang),traverse","kahva (jug),krimppi (crimp),reuna/kantti (edge/ledge)","huukkaus (hook),keskivartalo (core),kestävyys (endurance),voima (power)","esteettinen,hauska,hieno,kaunis,pitkä,pumppaava","""Traverse sekä pituus"",""Jalat pitää katsoa huolella. Kun olet päässyt traverseosuuden, oot ihan pumpissa ja silloin pitäisi jaksaa kiivetä ylöspäin."""
2,Male,Lemmen jättiläinen,6A+,9,Yes,Etelä-Savo,Mikkeli,Mikkeli,Ihastjärvi,No,"61.723090,27.275791",61.72309,27.275791,https://27crags.com/crags/ihastjarvi/routes/lemmen-jattilainen,https://vimeo.com/183131099,,hänkki (overhang),krimppi (crimp),"keskivartalo (core),mantteli (mantel),sormivoima (finger strength),tekniikka (technique)","esteettinen,jättiläinen,kaunis,kiipeilyllinen,lempeä","""Kaikki otteet ja muuvit juuri sopivia, ei yhtään turhaa tai ylimääräistä. Kiipeää kauniisti."""
2,Male,Kukkakeppi,6A,8,Yes,Päijät-Häme,Lahti,Nastola,E75,No,"61.054635,25.860357",61.054635,25.860357,https://27crags.com/crags/e75/routes/kukkakeppi,https://www.youtube.com/watch?v=p8-35oDOMSs,,kantti (arête),reuna/kantti (edge/ledge),"keskivartalo (core),tasapaino (balance),tekniikka (technique)","ainutlaatuinen,helppo,herkkä,korkea,näyttävä,vaikea",
1,Male,Living the Dream,8B+,23,Yes,Ahvenanmaan maalaiskunta,Geta,,Fågelberget,No,"60.409801,19.835300",60.409801,19.8353,https://27crags.com/crags/fagelberget/routes/living-the-dream,,,"kantti (arête),katto (roof)","krimppi (crimp),reuna/kantti (edge/ledge)","dyno (dyno),keskivartalo (core),voima (power)","erikoinen,upea,veistoksellinen",
1,Male,The Globalist,8B+,23,Yes,Uusimaa,,,,Yes,"60.169856,24.938379",60.169856,24.938379,https://27crags.com/crags/sipoo/routes/the-globalist,https://vimeo.com/165581098#t=7m8s,,hänkki (overhang),"krimppi (crimp),pinchi (pinch),slouppi (sloper)","huukkaus (hook),kompressio (compression),mantteli (mantel)","kompressio,slouppaava,voimallinen",
1,Male,Dodo,8A+,21,Yes,Ahvenanmaan maalaiskunta,Geta,,Kasviken,No,"60.369992,19.930804",60.369992,19.930804,https://27crags.com/crags/kasviken/routes/dodo,https://vimeo.com/11516626,,hänkki (overhang),"krimppi (crimp),reuna/kantti (edge/ledge)","keskivartalo (core),psyykkinen vahvuus  (mental strength),sormivoima (finger strength)","näyttävä,pelottava,voimakas",
1,Male,Forte risoluto,8A,20,Yes,Keski-Suomi,Jyväskylä,Jyväskylä,Forte,No,"62.110600,25.776300",62.1106,25.7763,https://27crags.com/crags/forte/routes/forte-risoluto,https://vimeo.com/15729319,,"hänkki (overhang),pysty (wall)",krimppi (crimp),"sormivoima (finger strength),tekniikka (technique)","jännittävä,krimpikäs,lennokas",
1,Male,Gipsy grooves,8A,20,Yes,Varsinais-Suomi,Turku,Turku,Luolavuori,No,"60.430259,22.284683",60.430259,22.284683,https://27crags.com/crags/luolavuori-433/routes/gipsy-grooves,https://www.youtube.com/watch?v=snksRtwx-ug,,hänkki (overhang),krimppi (crimp),"psyykkinen vahvuus  (mental strength),sormivoima (finger strength),tasapaino (balance),tekniikka (technique)","henkinen,tasainen,tekninen",
1,Male,Jäätävä polte,8A,20,Yes,Satakunta,Pori,Pori,Noormarkku,No,"61.622800,21.851335",61.6228,21.851335,https://27crags.com/crags/noormarkku/routes/jaatava-polte,https://www.youtube.com/watch?v=8HXh8f1dkb4,,"hänkki (overhang),kantti (arête)","kahva (jug),krimppi (crimp),pinchi (pinch),poketti (pocket),slouppi (sloper)","dyno (dyno),huukkaus (hook),keskivartalo (core),kompressio (compression),tasapaino (balance),tekniikka (technique),voima (power)","dynaaminen,herkkä,uniikki","""Hienot muuvit ja todella harvinainen."""
1,Male,Localist,8A,20,Yes,Etelä-Savo,,,,Yes,"61.688727,27.272146",61.688727,27.272146,https://27crags.com/crags/puumala/routes/localist,https://vimeo.com/61967285,,"hänkki (overhang),kantti (arête)","krimppi (crimp),pinchi (pinch),reuna/kantti (edge/ledge)","huukkaus (hook),keskivartalo (core),kompressio (compression),sormivoima (finger strength),tasapaino (balance),tekniikka (technique)","hyvää kiveä,tekninen,täydellinen",
1,Male,Mahjongg,8A,20,Yes,Pohjois-Karjala,Joensuu,Juuka,Nunnanlahti,No,"63.136792,29.457135",63.136792,29.457135,https://27crags.com/crags/nunnanlahti/routes/mahjongg,https://www.youtube.com/watch?v=DTETTLXqvA4&t=2m0s,,"hänkki (overhang),kantti (arête)","kahva (jug),krimppi (crimp),pinchi (pinch),reuna/kantti (edge/ledge),slouppi (sloper)","huukkaus (hook),keskivartalo (core),kestävyys (endurance),kompressio (compression),tekniikka (technique),voima (power)","esteettinen,sopivan korkea,täydellistä kiveä",
1,Male,Millyways,8A,20,Yes,Varsinais-Suomi,Turku,Nousiainen,Nousiainen,No,"60.629997,22.013812",60.629997,22.013812,https://27crags.com/crags/nousiainen/routes/millyways,https://vimeo.com/234651442,,"hänkki (overhang),kantti (arête)","krimppi (crimp),reuna/kantti (edge/ledge),slouppi (sloper)","dyno (dyno),huukkaus (hook),keskivartalo (core),liikkuvuus (mobility),sormivoima (finger strength),tekniikka (technique),voima (power)","monipuolinen,tasaisen vaikea,tekninen","""Miellyttävät otteet, tarjoaa monipuolista kiipeilyä ja usempia betoja."""
1,Male,Paskapäivä,8A,20,Yes,Ahvenanmaan maalaiskunta,Geta,,Djupviksgrottorna,No,"60.399078,19.830894",60.399078,19.830894,https://27crags.com/crags/grottan/routes/paskapaiva,https://www.youtube.com/watch?v=TpqVKdx6A2A,,hänkki (overhang),"kahva (jug),krimppi (crimp)","huukkaus (hook),keskivartalo (core),kompressio (compression),voima (power)","jyrkkä,kompressio,selkeä linja","""Kingi linja kauniissa ympäristössä."""
1,Male,Highlander,7C+,19,Yes,Pirkanmaa,Tampere,Lempäälä,Pirunkivet,No,"61.383271,23.835086",61.383271,23.835086,https://27crags.com/crags/pirunkivet/routes/overlord-205316,https://vimeo.com/217208186,,"hänkki (overhang),pysty (wall),släbi (slab)","krimppi (crimp),reuna/kantti (edge/ledge),slouppi (sloper)","huukkaus (hook),psyykkinen vahvuus  (mental strength),sormivoima (finger strength),voima (power)","epic,legendary,rare","""monipuolinen, korkeus ja alastulo vaativat henkistä kanttia"""
1,Male,Isildur assis,7C+,19,Yes,Uusimaa,,,,Yes,"60.169856,24.938379",60.169856,24.938379,https://27crags.com/crags/sipoo/routes/isildur-assis,https://vimeo.com/144234219,,hänkki (overhang),"krimppi (crimp),slouppi (sloper)","dyno (dyno),kompressio (compression)","dynaaminen,jatkuva,kompressio",
1,Male,"Kolmen Tähden Isä , ss",7C+,19,Yes,Varsinais-Suomi,Vakka-Suomi,Uusikaupunki,Sairinen,No,"60.763520,21.691110",60.76352,21.69111,https://27crags.com/crags/sairinen/routes/project-father-of-three-stars-sitstart,https://vimeo.com/220638455,,hänkki (overhang),"gastoni (gaston),krimppi (crimp)","keskivartalo (core),liikkuvuus (mobility),sormivoima (finger strength),tekniikka (technique)","hieno,mukava,tekninen",
1,Male,Left october,7C+,19,Yes,Varsinais-Suomi,Turku,Turku,Pirunpesä,No,"60.500301,22.279900",60.500301,22.2799,https://27crags.com/crags/pirunpesa/routes/left-october,https://vimeo.com/253535392#t=7m49s,,hänkki (overhang),"krimppi (crimp),poketti (pocket),underi (undercling)","huukkaus (hook),keskivartalo (core),kestävyys (endurance),sormivoima (finger strength),tekniikka (technique),voima (power)","hieno,uniikki,voimallinen",
1,Male,On se kova,7C+,19,Yes,Kanta-Häme,,,,Yes,"60.992879,24.459024",60.992879,24.459024,https://27crags.com/crags/hameenlinna/routes/on-se-kova,https://www.youtube.com/watch?v=YJwPHC4Kdww,,hänkki (overhang),"krimppi (crimp),reuna/kantti (edge/ledge)","dyno (dyno),huukkaus (hook),keskivartalo (core),kestävyys (endurance),kompressio (compression),psyykkinen vahvuus  (mental strength),sormivoima (finger strength),voima (power)","jäntevä,mehukas,savuinen",
1,Male,One love,7C+,19,Yes,Uusimaa,,,,Yes,"60.169856,24.938379",60.169856,24.938379,https://27crags.com/crags/sipoo/routes/one-love,https://www.youtube.com/watch?v=sA-M_m66JSI&t=2m57s,,"hänkki (overhang),kantti (arête)","krimppi (crimp),reuna/kantti (edge/ledge)","dyno (dyno),huukkaus (hook),sormivoima (finger strength)","dynaaminen,herkkä","""Linjan esteettisyys ja monipuolisuus."""
1,Male,Reloaded assis,7C+,19,Yes,Uusimaa,,,,Yes,"60.169856,24.938379",60.169856,24.938379,https://27crags.com/crags/sipoo/routes/reloaded-assis,https://vimeo.com/259124076#t=3m24s,,hänkki (overhang),reuna/kantti (edge/ledge),"keskivartalo (core),sormivoima (finger strength),tekniikka (technique),voima (power)","dynaaminen,tekninen,voimakas",
1,Male,Sirkus,7C+,19,Yes,Pohjanmaa,Vaasa,Vaasa,Hautuumaa,No,"63.066181,21.728250",63.066181,21.72825,https://27crags.com/crags/hautuumaa/routes/sirkus,https://vimeo.com/55008969,,"hänkki (overhang),pysty (wall)","krimppi (crimp),pinchi (pinch),slouppi (sloper)","dyno (dyno),keskivartalo (core)","helmi,herkkä,klassikko",
1,Male,Supermartikainen SS,7C+,19,Yes,Ahvenanmaan maalaiskunta,Geta,,Djupviksgrottorna,No,"60.401355,19.831726",60.401355,19.831726,https://27crags.com/crags/grottan/routes/supermartikainen-ss,https://vimeo.com/79000280,,"hänkki (overhang),kantti (arête)","reuna/kantti (edge/ledge),slouppi (sloper)","huukkaus (hook),kompressio (compression),tekniikka (technique)","erinomaista kiveä,huukkitekniikkaa,kompressiota",
1,Male,Ceasar,7C,18,Yes,Uusimaa,Helsinki,Kirkkonummi,Knummi,No,"60.119630,24.446958",60.11963,24.446958,https://27crags.com/crags/knummi/routes/ceasar,,,"hänkki (overhang),pysty (wall)","krimppi (crimp),slouppi (sloper)","dyno (dyno),psyykkinen vahvuus  (mental strength)","kuumottava,pelkistetty,uniikki",
1,Male,Hirviö,7C,18,Yes,Varsinais-Suomi,Vakka-Suomi,Uusikaupunki,KarjuRocks,No,"60.696597,21.517678",60.696597,21.517678,https://27crags.com/crags/karju-rocks/routes/hirvio,,,katto (roof),"nyrkkijammi,reuna/kantti (edge/ledge)","jammaus,keskivartalo (core),kestävyys (endurance),kompressio (compression),liikkuvuus (mobility),psyykkinen vahvuus  (mental strength),tekniikka (technique),voima (power)","esteettinen,kauhistuttava,lumoava","""Monipuoliset muuvit jotka jatkuvat tasaisen vaikeasti."""
1,Male,Melankolia ss,7C,18,Yes,Uusimaa,Helsinki,Vantaa,Mellunmäki boulders,No,"60.239168,25.124454",60.239168,25.124454,https://27crags.com/crags/mellunmaki-boulders/routes/melankolia-ss,https://vimeo.com/91110827#t=5m20s,,"hänkki (overhang),kantti (arête)","krimppi (crimp),slouppi (sloper)","dyno (dyno),huukkaus (hook),keskivartalo (core),sormivoima (finger strength)","dynaaminen,tekninen,voimallinen","""Klassikko joka pitää jokaisen kiivetä."""
1,Male,Painajainen,7C,18,Yes,Pirkanmaa,Tampere,Nokia,Killeri,No,"61.505317,23.355541",61.505317,23.355541,https://27crags.com/crags/killerin-kivet-pinsio/routes/painajainen-66031,https://www.youtube.com/watch?v=2qc4Ubtt1DM,,hänkki (overhang),"kahva (jug),krimppi (crimp),pinchi (pinch),slouppi (sloper)","dyno (dyno),keskivartalo (core),mantteli (mantel),psyykkinen vahvuus  (mental strength),sormivoima (finger strength)","pelottavahko,selkeä,ylväs",
1,Male,Pervertti,7C,18,Yes,Uusimaa,,,,Yes,"60.169856,24.938379",60.169856,24.938379,https://27crags.com/crags/rodjan-12569/routes/pervertti-200583,,,"pysty (wall),släbi (slab)",krimppi (crimp),"liikkuvuus (mobility),sormivoima (finger strength),tekniikka (technique),voima (power)","herkkyyttä,tekniikkaa,voimaa","""Lukko ja krimppi test piece"""
1,Male,Red October,7C,18,Yes,Varsinais-Suomi,Turku,Turku,Pirunpesä,No,"60.500301,22.279900",60.500301,22.2799,https://27crags.com/crags/pirunpesa/routes/red-october,https://vimeo.com/253535392#t=6m51s,,hänkki (overhang),"pinchi (pinch),slouppi (sloper)","huukkaus (hook),keskivartalo (core),voima (power)","jatkuva,sloupahtava,turvallinen","""Hienoa herkkää huukkailua ja slouppailua laadukkaalla kivellä"""
1,Male,Savon Partage,7C,18,Yes,Pohjois-Savo,Kuopio,Kuopio,Viitaniemi,No,"62.904301,27.502100",62.904301,27.5021,https://27crags.com/crags/viitaniemi/routes/savon-partage,https://vimeo.com/210473135,,pysty (wall),"krimppi (crimp),slouppi (sloper)","huukkaus (hook),keskivartalo (core),kompressio (compression),psyykkinen vahvuus  (mental strength)","jännittävä,korkea,uljas",
1,Male,Viimeinen Tuuttikuski,7C,18,Yes,Lappi,Rovaniemi,Rovaniemi,Martti Servo,No,"66.384686,25.472145",66.384686,25.472145,https://27crags.com/crags/martti-servo/routes/viimeinen-tuuttikuski,,,kantti (arête),slouppi (sloper),"huukkaus (hook),kompressio (compression),sormivoima (finger strength)","fontsu,herkkä,isoa muuvia",
1,Male,Finger to the bone,7B+,17,Yes,Pirkanmaa,Tampere,Nokia,Halikallio,No,"61.494922,23.503940",61.494922,23.50394,https://27crags.com/crags/halikallio/routes/finger-to-the-bone,,,hänkki (overhang),kapea jammi,"psyykkinen vahvuus  (mental strength),sormivoima (finger strength),tekniikka (technique)","jammi,lyhyt,tasapaino","""Riittämätön jo 10 vuotta"""
1,Male,Folkhälsan,7B+,17,Yes,Uusimaa,Loviisa,Loviisa,Lappnor,No,"60.413287,26.111906",60.413287,26.111906,https://27crags.com/crags/lappnor/routes/folkhalsan,https://vimeo.com/73079510,,hänkki (overhang),"pinchi (pinch),reuna/kantti (edge/ledge),slouppi (sloper)","huukkaus (hook),keskivartalo (core),kompressio (compression),voima (power)","korvaamaton,upea,uskomaton",
1,Male,Happy Up Here,7B+,17,Yes,Uusimaa,Porvoo,Porvoo,Nikuby,No,"60.290576,25.536644",60.290576,25.536644,https://27crags.com/crags/nikuby/routes/happy-up-here,https://www.youtube.com/watch?v=cJ7YkA8B0YE,,"hänkki (overhang),pysty (wall)","kahva (jug),krimppi (crimp),slouppi (sloper)","dyno (dyno),psyykkinen vahvuus  (mental strength),sormivoima (finger strength),tasapaino (balance),tekniikka (technique)","monipuolinen,sopivan korkea,upea",
1,Male,Kahvojen ketju,7B+,17,Yes,Varsinais-Suomi,,,,Yes,"60.451813,22.266630",60.451813,22.26663,,,,katto (roof),"jalkajammi,käsijammi,nyrkkijammi,thinhandjammi","jammaustaito,keskivartalo (core),kestävyys (endurance),kompressio (compression),liikkuvuus (mobility),psyykkinen vahvuus  (mental strength),tekniikka (technique),voima (power)","monipuolinen,pitkä,tekninen","""Monipuoliset jammit"""
1,Male,King of Dogs,7B+,17,Yes,Uusimaa,Helsinki,Helsinki,Meilahti,No,"60.186523,24.903791",60.186523,24.903791,https://27crags.com/crags/meilahti/routes/king-of-dogs,,,pysty (wall),krimppi (crimp),"keskivartalo (core),kestävyys (endurance),psyykkinen vahvuus  (mental strength),sormivoima (finger strength)","herkkä,kuumottava,selkeä",
1,Male,Kompressöör stand,7B+,17,Yes,Uusimaa,Helsinki,Sipoo,Uusi Sipoo,No,"60.314634,25.243150",60.314634,25.24315,https://27crags.com/crags/uusi-sipoo/routes/kompressoor-stand,https://vimeo.com/163721285,,"kantti (arête),pysty (wall),släbi (slab)","krimppi (crimp),pinchi (pinch),reuna/kantti (edge/ledge),slouppi (sloper)","kompressio (compression),sormivoima (finger strength),tasapaino (balance),tekniikka (technique)","herkkä,komea,tekninen","""Herkät ja jännittävät muuvit,  riittävän korkea muttei liian pelottava"""
1,Male,Kummitusjuna assis,7B+,17,Yes,Päijät-Häme,Lahti,Heinola,Kylmälampi,No,"61.287319,26.446643",61.287319,26.446643,https://27crags.com/crags/kylmalampi/routes/kummitusjuna-assis,https://www.youtube.com/watch?v=o3CCsczyShA,,"hänkki (overhang),kantti (arête),pysty (wall)","krimppi (crimp),pinchi (pinch),reuna/kantti (edge/ledge)","huukkaus (hook),kompressio (compression),sormivoima (finger strength),voima (power)",pitkä korkea hieno,"""Ympäristö tekee boulderista täydellisen"""
1,Female,Martinin poikkari,7B+,17,Yes,Uusimaa,Helsinki,Helsinki,Koivusaari,No,"60.161499,24.847601",60.161499,24.847601,https://27crags.com/crags/koivusaari-bloc/routes/martinin-poikkari,https://vimeo.com/163728578,,"hänkki (overhang),kantti (arête)","pinchi (pinch),reuna/kantti (edge/ledge),slouppi (sloper)","huukkaus (hook),keskivartalo (core),kestävyys (endurance),liikkuvuus (mobility),psyykkinen vahvuus  (mental strength),tekniikka (technique),voima (power)","asento herkkä,sujuva,ulkokiipeilytyylinen","""Mukavat otteet, ei teräviä. Sijainnista lisäpisteitä. Tyyliltään vaihteleva, erilaisia otteita ja täytyy osata erilaisia kiipeilytekniikoita päästääkseen (ainakin lyhyen täytyy)."""
1,Male,Pimp my ride,7B+,17,Yes,Lappi,Rovaniemi,Rovaniemi,Martti Servo,No,"66.384686,25.472145",66.384686,25.472145,https://27crags.com/crags/martti-servo/routes/pimp-my-ride,https://vimeo.com/79616961,,kantti (arête),slouppi (sloper),"huukkaus (hook),tekniikka (technique)","upea,upeampi,upein","""Sen tietää, kun sen näkee. Sen tuntee, kun siihen koskee."""
1,Male,Sündenfall,7B+,17,No,Graubünden,Hinterrhein District,,Magic Wood,No,"46.563668,9.436988",46.563668,9.436988,https://27crags.com/crags/magic-wood/routes/sundenfall,https://vimeo.com/74047628#t=0m20s,,hänkki (overhang),"gastoni (gaston),kahva (jug),krimppi (crimp),pinchi (pinch),reuna/kantti (edge/ledge)","huukkaus (hook),keskivartalo (core),kestävyys (endurance),psyykkinen vahvuus  (mental strength),sormivoima (finger strength),tekniikka (technique),voima (power)","ilmava,komea,voimakas",
1,Male,Witness the fatness,7B+,17,Yes,Pirkanmaa,Etelä-Pirkanmaa,Valkeakoski,Ritvala,No,"61.197040,24.232664",61.19704,24.232664,https://27crags.com/crags/ritvala/routes/witness-the-fatness,https://vimeo.com/169807102,,"hänkki (overhang),katto (roof)","kahva (jug),krimppi (crimp),slouppi (sloper)","keskivartalo (core),tekniikka (technique),voima (power)","jatkuva,tekninen,voimallinen","""Jatkuvaa, voimallista mutta teknistä kiipeilyä hyvällä kivenlaadulla ja hyvillä otteilla."""
1,Male,Alcoholocaust,7B,16,Yes,Uusimaa,Helsinki,Sipoo,Uusi Sipoo,No,"60.311802,25.249057",60.311802,25.249057,https://27crags.com/crags/uusi-sipoo/routes/alcoholocaust,https://vimeo.com/188887588,,pysty (wall),krimppi (crimp),"liikkuvuus (mobility),sormivoima (finger strength),tasapaino (balance),tekniikka (technique)","krimppi,semikorkea,toppaus","""Mukavan pieniä krimppejä sekä kivoja flägejä"""
1,Male,Blackstreak Boys,7B,16,Yes,Etelä-Savo,,,,Yes,"61.688727,27.272146",61.688727,27.272146,https://27crags.com/crags/hyttysjontka/routes/blackstreak-boys,,,pysty (wall),krimppi (crimp),"dyno (dyno),psyykkinen vahvuus  (mental strength),sormivoima (finger strength),tekniikka (technique)","dyno,korkea,selkeä","""2 peräkkäistä dynoa"""
1,Male,Fiilistelyn kulminaatio,7B,16,Yes,Päijät-Häme,Lahti,Sysmä,Ukkokivi,No,"61.439875,25.710722",61.439875,25.710722,https://27crags.com/crags/ukkokivi/routes/fiilistelyn-kuliminaatio,https://vimeo.com/133020771,,"hänkki (overhang),kantti (arête)","kahva (jug),krimppi (crimp),reuna/kantti (edge/ledge)","huukkaus (hook),psyykkinen vahvuus  (mental strength),sormivoima (finger strength),tekniikka (technique)","herkkä,korkea,selkeä","""Täydellisesti haljennut kiven korkein seinä. Kaikkein selkein linja, jossa riittävästi muuveja"""
1,Male,Hammaspeikko assis,7B,16,Yes,Pirkanmaa,Tampere,Hämeenkyrö,Hammaspeikko,No,"61.521672,23.382158",61.521672,23.382158,https://27crags.com/crags/hammaspeikko/routes/hammaspeikko-28879,https://www.youtube.com/watch?v=nOsEKD0JCvM,,"kantti (arête),katto (roof),pysty (wall)","krimppi (crimp),reuna/kantti (edge/ledge)","kestävyys (endurance),tekniikka (technique)","kaunis,monipuolinen,yllättävä","""Alusta loppuun tasainen vaikeudeltaan. Hyviä ""pehmeitä"" otteita."""
1,Male,Live like Makkonen,7B,16,Yes,Päijät-Häme,,,,Yes,"60.982675,25.661210",60.982675,25.66121,https://27crags.com/crags/lantinen/routes/live-like-makkonen,https://www.youtube.com/watch?v=9L_9L_FaY6Y&t=16m49s,,pysty (wall),krimppi (crimp),"liikkuvuus (mobility),sormivoima (finger strength),tasapaino (balance),tekniikka (technique)","charmikas,legendaarinen ja asentohomma",
1,Male,Sithin Kosto,7B,16,Yes,Etelä-Savo,Savonlinna,Savonlinna,Korpi,No,"61.856602,28.608601",61.856602,28.608601,https://27crags.com/crags/korpi/routes/sithin-kosto,https://vimeo.com/15670588,,hänkki (overhang),krimppi (crimp),"keskivartalo (core),sormivoima (finger strength),voima (power)","hänkki,krimppaava,voimallinen",
1,Male,Veenus,7B,16,Yes,Pohjanmaa,Vaasa,Vaasa,Hautuumaa,No,"63.068024,21.738032",63.068024,21.738032,https://27crags.com/crags/hautuumaa/routes/veenus,https://vimeo.com/70270370,,pysty (wall),krimppi (crimp),"liikkuvuus (mobility),tekniikka (technique)","tekninen,tyylikäs,vaihteleva",
1,Male,"Vuoden släbi ""two pitches""",7B,16,Yes,Pohjois-Savo,Kuopio,Kuopio,Viitaniemi,No,"62.904301,27.502100",62.904301,27.5021,https://27crags.com/crags/viitaniemi/routes/vuoden-slabi-two-pitches,https://vimeo.com/49607462#t=30s,,släbi (slab),"gastoni (gaston),krimppi (crimp),slouppi (sloper)","liikkuvuus (mobility),mantteli (mantel),psyykkinen vahvuus  (mental strength),sormivoima (finger strength),tasapaino (balance),tekniikka (technique)","hard,high,technic",
1,Male,Ylityö,7B,16,Yes,Pohjanmaa,Vaasa,Vaasa,Itäinen Runsori,No,"63.059121,21.775114",63.059121,21.775114,https://27crags.com/crags/itainen-runsori/routes/ylityo,https://vimeo.com/74019157,,"hänkki (overhang),pysty (wall)","kahva (jug),krimppi (crimp),pinchi (pinch),poketti (pocket)","dyno (dyno),huukkaus (hook),psyykkinen vahvuus  (mental strength),tekniikka (technique),voima (power)","erinomainen,loistava,täydellinen",
1,Male,Analstacia,7A+,15,Yes,Uusimaa,Helsinki,Vihti,Rokokallio,No,"60.484207,24.476166",60.484207,24.476166,https://27crags.com/crags/rokokallio/routes/analstacia,https://www.youtube.com/watch?v=w7MLCVyLTbk,,hänkki (overhang),"krimppi (crimp),reuna/kantti (edge/ledge),slouppi (sloper)","dyno (dyno),huukkaus (hook),mantteli (mantel),psyykkinen vahvuus  (mental strength),sormivoima (finger strength),voima (power)","hänkki,laadukas,monipuolinen","""Hyvä kivenlaatu, monipuoliset muuvit, tarjoaa hyvän läpileikkauksen eri tekniikoista ja korkeuttakin on senverran että henkinen puoli testataan myös!"""
1,Female,Heureka,7A+,15,Yes,Kanta-Häme,Hämeenlinna,Hämeenlinna,Kiekkukivi,No,"61.092199,23.978477",61.092199,23.978477,https://27crags.com/crags/kiekkukivi/routes/heureka-145886,,,pysty (wall),krimppi (crimp),"keskivartalo (core),liikkuvuus (mobility),psyykkinen vahvuus  (mental strength),sormivoima (finger strength),tasapaino (balance),tekniikka (technique)","hankala,ongelmallinen,yllättävä","""Tarvittava herkkyys ja voimien mitouttaminen yllätti."""
1,Male,Huhu,7A+,15,Yes,Keski-Suomi,Jyväskylä,Muurame,Muurame,No,"62.111321,25.712383",62.111321,25.712383,https://27crags.com/crags/muurame/routes/huhu,https://vimeo.com/98915641,,hänkki (overhang),"krimppi (crimp),reuna/kantti (edge/ledge)","huukkaus (hook),keskivartalo (core),kompressio (compression),sormivoima (finger strength),voima (power)","jyrkkä,kompakti,voimallinen",
1,Male,Ilmahässäkkä,7A+,15,Yes,Keski-Suomi,Jyväskylä,Jyväskylä,Sarvivuori,No,"62.184973,25.741690",62.184973,25.74169,https://27crags.com/crags/sarvivuori/routes/ilmahassakka,https://vimeo.com/66669681,,"hänkki (overhang),pysty (wall)","kahva (jug),slouppi (sloper)","dyno (dyno),psyykkinen vahvuus  (mental strength),tekniikka (technique)","dyno,kahvoja,swingi","""Hyvistä otteista pitkä vaikeahko dyno ja mahdollisuus yhden käden swingiin"""
1,Male,Isak,7A+,15,Yes,Pohjois-Pohjanmaa,Raahe,Siikajoki,Luohua,No,"64.502098,25.227200",64.502098,25.2272,https://27crags.com/crags/luohua/routes/isak,https://vimeo.com/182143508,,"hänkki (overhang),kantti (arête)","pinchi (pinch),slouppi (sloper)","huukkaus (hook),keskivartalo (core),liikkuvuus (mobility)","huukkailava,manttelihtava,rypistettävä","""Erilaisia huukkeja ja erikoinen manttelihtava toppaus varpaan päälle vetäen liukkaasta sloupperista pinchiin"""
1,Male,Lippatraverse,7A+,15,Yes,Päijät-Häme,Lahti,Nastola,E75,No,"61.054485,25.859950",61.054485,25.85995,https://27crags.com/crags/e75/routes/lippatraverse,https://vimeo.com/95647109,,kantti (arête),slouppi (sloper),"huukkaus (hook),mantteli (mantel),voima (power)","kitkaa vaativa,mukavaotteinen,tasainen",
1,Male,Sittis ss,7A+,15,Yes,Uusimaa,Helsinki,Vantaa,Mellunmäki boulders,No,"60.239735,25.124441",60.239735,25.124441,https://27crags.com/crags/mellunmaki-boulders/routes/sittis-ss,https://www.youtube.com/watch?v=uzEx9bT6czg,,"kantti (arête),pysty (wall)","krimppi (crimp),slouppi (sloper)","keskivartalo (core),kompressio (compression),pituus / morpho,tasapaino (balance),tekniikka (technique)","hienot liikkeet,monipuolinen,tekninen",
1,Male,Tampereen Pyrintö,7A+,15,Yes,Pirkanmaa,Tampere,Nokia,Tampereen hienoin kivi,No,"61.503895,23.212459",61.503895,23.212459,https://27crags.com/crags/tampereen-hienoin-kivi/routes/tampereen-pyrinto,https://www.youtube.com/watch?v=fp8z-AUfCQc&t=20s,,hänkki (overhang),"reuna/kantti (edge/ledge),slouppi (sloper)","dyno (dyno),huukkaus (hook),voima (power)","dynaaminen,haastava,kuumottava",
1,Male,The Three Pygmyteers,7A+,15,Yes,Uusimaa,Helsinki,Helsinki,Meilahti,No,"60.187723,24.893850",60.187723,24.89385,https://27crags.com/crags/meilahti/routes/the-three-pygmyteers,https://vimeo.com/136005756,,pysty (wall),reuna/kantti (edge/ledge),"kompressio (compression),tasapaino (balance),voima (power)","herkän,voimallinen komperssio","""Reitin otteet ovat hyvät ja erityisen mukavat."""
1,Male,Elekantti,7A,14,Yes,Varsinais-Suomi,Turku,Raisio,Raisio,No,"60.509822,22.160110",60.509822,22.16011,https://27crags.com/crags/raisio/routes/elekantti,https://www.youtube.com/watch?v=Ehz8YPsFeuc,,hänkki (overhang),reuna/kantti (edge/ledge),"kompressio (compression),voima (power)","hänkki,jatkuva,korkea","""Selkeä linja, tasaiset muuvit"""
1,Male,Even Angel Will Fall,7A,14,Yes,Pohjois-Savo,Sisä-Savo,Suonenjoki,Vuorisenpuro,No,"62.711708,27.346773",62.711708,27.346773,https://27crags.com/crags/vuorisenlahti/routes/even-angel-will-fall,https://vimeo.com/128850471,,pysty (wall),"krimppi (crimp),pinchi (pinch),reuna/kantti (edge/ledge),underi (undercling)","huukkaus (hook),keskivartalo (core),kompressio (compression),psyykkinen vahvuus  (mental strength),sormivoima (finger strength),tekniikka (technique),voima (power)","jylhä,kunnioitustaherättävä,upea",
1,Male,George,7A,14,Yes,Pirkanmaa,Tampere,Nokia,Karhun lenkki,No,"61.528741,23.500234",61.528741,23.500234,https://27crags.com/crags/k-lenkki/routes/george-155706,,,"kantti (arête),släbi (slab)","krimppi (crimp),reuna/kantti (edge/ledge)","keskivartalo (core),tasapaino (balance),tekniikka (technique)","hauska,monipuolinen,tekninen","""Mielenkiintoisia kikkamuuveja alusta loppuun"""
1,Female,Hammertime,7A,14,Yes,Pirkanmaa,Lounais-Pirkanmaa,Sastamala,Kellarikivi,No,"61.321080,22.919884",61.32108,22.919884,https://27crags.com/crags/kellarikivi/routes/hammertime-205401,https://www.youtube.com/watch?v=i1daG78Y4TE,,"korkea,pysty (wall)",hyvää otetta.,"keskivartalo (core),liikkuvuus (mobility),psyykkinen vahvuus  (mental strength)","kiipeilyllinen,korkea,sulava","""Kiipeilylliset pitkät muuvit, mutta hyvät otteet. Korkeus pelottaa topatessa (tai topista pakittaessa)'"""
1,Male,Haukkis-traverse,7A,14,Yes,Varsinais-Suomi,Turku,Turku,Kärsämäki,No,"60.493720,22.285883",60.49372,22.285883,https://27crags.com/crags/karsamaki/routes/haukkis-traverse,,,"hänkki (overhang),pysty (wall)","pinchi (pinch),slouppi (sloper)","keskivartalo (core),kestävyys (endurance),tekniikka (technique)","hauska,läpsyttelyä,pitkä","""Helppo treenata kestävyyttä, mukavalla paikalla."""
1,Male,Highlight assis,7A,14,Yes,Lappi,Rovaniemi,Rovaniemi,Toramo,No,"66.469111,25.855409",66.469111,25.855409,https://27crags.com/crags/toramo/routes/highlight-assis,,,pysty (wall),"krimppi (crimp),reuna/kantti (edge/ledge),slouppi (sloper)","huukkaus (hook),keskivartalo (core),kestävyys (endurance),sormivoima (finger strength),tasapaino (balance)","herkkä,loppukliimaksinen,pitkä",
1,Female,Humpuukitalous,7A,14,Yes,Pohjois-Pohjanmaa,Raahe,Siikajoki,Luohua,No,"64.502098,25.227200",64.502098,25.2272,https://27crags.com/crags/luohua/routes/humpuukitalous,https://vimeo.com/33539803#t=13m22s,,"hänkki (overhang),kantti (arête)",reuna/kantti (edge/ledge),"keskivartalo (core),kestävyys (endurance),sormivoima (finger strength),tekniikka (technique),voima (power)","atleettinen,voimallinen,väsyttävä","""Vaatii voimaa käsistä ja keskivartalosta, on hyvin selkeä linja, tekniikkaa voi käyttää monipuolisesti hyväksi."""
1,Male,Kasvihuoneilmiö,7A,14,Yes,Varsinais-Suomi,Turku,Turku,Luolavuori,No,"60.430259,22.284926",60.430259,22.284926,https://27crags.com/crags/luolavuori-433/routes/kasvihuoneilmio,https://vimeo.com/40442515#t=1m7s,,pysty (wall),slouppi (sloper),"liikkuvuus (mobility),tasapaino (balance),tekniikka (technique)","alueelleen tyypillinen,herkkä,tekninen","""Luolavuoren traverse-reittien ehdoton kruununjalokivi. Alueen klassikko"""
1,Male,Le' slouper,7A,14,Yes,Uusimaa,Helsinki,Espoo,Lystinmäki boulders,No,"60.177204,24.742992",60.177204,24.742992,https://27crags.com/crags/lystinmaki-boulders/routes/le-slouper,,,pysty (wall),slouppi (sloper),"liikkuvuus (mobility),mantteli (mantel),tasapaino (balance)","lyhyt,mukava","""sormiystävällinen"""
1,Male,Livin' acro,7A,14,Yes,Uusimaa,Helsinki,Hyvinkää,Piilolampi,No,"60.631684,24.740303",60.631684,24.740303,https://27crags.com/crags/piilolampi-hyvinkaa/routes/livin-acro,https://www.youtube.com/watch?v=nqzHVS8H1Nw,,pysty (wall),"reuna/kantti (edge/ledge),slouppi (sloper)","mantteli (mantel),tasapaino (balance),tekniikka (technique)","pähkinä,sensitiivinen,yllättävä",
1,Male,Maitomies,7A,14,Yes,Lappi,Rovaniemi,Rovaniemi,Hiidenkirnut,No,"66.403043,25.450344",66.403043,25.450344,https://27crags.com/crags/hiidenkirnut/routes/maitomies,,,pysty (wall),reuna/kantti (edge/ledge),tasapaino (balance),"herkkä,klassikko,vaikea",
1,Male,Muistipeli,7A,14,Yes,Pirkanmaa,Tampere,Nokia,Tampereen hienoin kivi,No,"61.503895,23.212459",61.503895,23.212459,https://27crags.com/crags/tampereen-hienoin-kivi/routes/muistipeli,,,"katto (roof),poikkari","kahva (jug),krimppi (crimp),pinchi (pinch),slouppi (sloper)","huukkaus (hook),keskivartalo (core),kestävyys (endurance),sormivoima (finger strength),tekniikka (technique),voima (power)","erilainen,kolmiulotteinen,pitkä",
1,Male,Pot smoker,7A,14,Yes,Uusimaa,,,,Yes,"60.169856,24.938379",60.169856,24.938379,https://27crags.com/crags/myllis/routes/pot-smoker,https://vimeo.com/45508613,,hänkki (overhang),kahva (jug),"keskivartalo (core),voima (power)","hänkki,sisäkiipeilyllinen,voimallinen",
1,Male,Teräsmies,7A,14,Yes,Uusimaa,Helsinki,Vantaa,Mellunmäki boulders,No,"60.239324,25.123883",60.239324,25.123883,https://27crags.com/crags/mellunmaki-boulders/routes/terasmies,https://vimeo.com/28849809,,"pysty (wall),släbi (slab)","krimppi (crimp),reuna/kantti (edge/ledge),slouppi (sloper)","huukkaus (hook),keskivartalo (core),liikkuvuus (mobility),tasapaino (balance)","kaunis,tarkka,upea",
1,Female,Vanhuuteen ja Takaisin,7A,14,Yes,Pohjanmaa,Pietarsaaren seutukunta,Luoto,Västerby,No,"63.827433,22.703574",63.827433,22.703574,https://27crags.com/crags/bjoholmen/routes/vanhuuteen-ja-takaisin,,,pysty (wall),"krimppi (crimp),reuna/kantti (edge/ledge)","huukkaus (hook),kestävyys (endurance),sormivoima (finger strength),tasapaino (balance),tekniikka (technique)","hieno,huukkailtava,tekninen","""Monipuolinen monen muuvin reitti, saa huukkailla, paljon otteita, kuitenkaan ei voi ihan räpeltämällä päästä toppiin."""
1,Male,World of Rivers,7A,14,Yes,Pohjois-Savo,Koillis-Savo,Nilsiä,Haluna,No,"63.098778,28.020850",63.098778,28.02085,https://27crags.com/crags/haluna/routes/world-of-rivers,,,pysty (wall),krimppi (crimp),"keskivartalo (core),oikeat kengät,sormivoima (finger strength),tekniikka (technique)","jalkaoteeton,kitka,smear","""Jalat on todella huonot"""
1,Male,Dynamo,6C+,13,Yes,Uusimaa,Helsinki,Espoo,Haukilahti,No,"60.160404,24.764034",60.160404,24.764034,https://27crags.com/crags/haukilahti/routes/dynamo-9563,https://vimeo.com/157097975#t=4m20s,,"hänkki (overhang),pysty (wall)","kahva (jug),krimppi (crimp)","dyno (dyno),voima (power)","dynaaminen,klassikko,lyhyt","""Se pitää kiivetä joka kevät"""
1,Male,Gordon Gekko,6C+,13,Yes,Uusimaa,Porvoo,Porvoo,El Gordon,No,"60.311624,25.445297",60.311624,25.445297,https://27crags.com/crags/el-gordon/routes/gordon-gekko,https://www.youtube.com/watch?v=X5WauFqm1ns,,hänkki (overhang),kräkki,"keskivartalo (core),tekniikka (technique),voima (power)","halkeama,hänkki,laatu","""Harvinaisen hieno halkeama boulderi, joka on mahdollista kiivetä jammailemalla trädityyliin tai ilman jammeja."""
1,Male,Martikainen,6C+,13,Yes,Ahvenanmaan maalaiskunta,Geta,,Djupviksgrottorna,No,"60.401355,19.831726",60.401355,19.831726,https://27crags.com/crags/grottan/routes/martikainen,https://vimeo.com/43574383#t=8m55s,,"hänkki (overhang),kantti (arête)","kahva (jug),krimppi (crimp),reuna/kantti (edge/ledge),slouppi (sloper)","dyno (dyno),huukkaus (hook),sormivoima (finger strength),voima (power)","dynaaminen,klassinen,nätti",
1,Male,Peilipeli,6C+,13,Yes,Uusimaa,Helsinki,Vantaa,Mellunmäki boulders,No,"60.239735,25.124441",60.239735,25.124441,https://27crags.com/crags/mellunmaki-boulders/routes/peilipeli,https://vimeo.com/28893393,,"hänkki (overhang),släbi (slab)","krimppi (crimp),underi (undercling)","psyykkinen vahvuus  (mental strength),sormivoima (finger strength),tasapaino (balance),tekniikka (technique),voima (power)","herkkä,raskas,vaikea","""Uniikit muuvit hienoil otteil"""
1,Male,Royal Tawastbaum,6C+,13,Yes,Uusimaa,Loviisa,Loviisa,Peltosaari,No,"60.485333,25.891991",60.485333,25.891991,https://27crags.com/crags/peltosaari/routes/royal-tawastbaum,https://vimeo.com/239307639,,"pysty (wall),släbi (slab)","krimppi (crimp),reuna/kantti (edge/ledge)","liikkuvuus (mobility),tasapaino (balance),tekniikka (technique)","tarkka,tekninen,terävä",
1,Male,Bitch slap and male pinch,6C,12,Yes,Pohjanmaa,Vaasa,Mustasaari,Itäinen Runsori,No,"63.042414,21.798677",63.042414,21.798677,https://27crags.com/crags/itainen-runsori/routes/bitch-slap-and-a-male-pinch,https://vimeo.com/106694182#t=1m44s,,pysty (wall),"kahva (jug),krimppi (crimp),pinchi (pinch),slouppi (sloper)","psyykkinen vahvuus  (mental strength),sormivoima (finger strength),voima (power)","korkea,kuumottava,miehekäs",
1,Male,Hallonpingvin,6C,12,Yes,Ahvenanmaan maalaiskunta,Geta,,Djupviksgrottorna,No,"60.399831,19.830601",60.399831,19.830601,https://27crags.com/crags/grottan/routes/nameless-problem-2-373,https://www.youtube.com/watch?v=PW17ZrZOVLQ,,pysty (wall),krimppi (crimp),"sormivoima (finger strength),tekniikka (technique)","krimpikäs,tekninen,tyydyttävä","""Hienolla sijainnilla oleva, sopivasti haastava ja teknisesti hieno."""
1,Male,Hammas RIP,6C,12,Yes,Ahvenanmaan maalaiskunta,Geta,,Djupviksgrottorna,No,"60.399831,19.830601",60.399831,19.830601,https://27crags.com/crags/grottan/routes/hammas-rip,https://www.youtube.com/watch?v=21XzJaHmyT8,,hänkki (overhang),"kahva (jug),krimppi (crimp)","huukkaus (hook),sormivoima (finger strength),voima (power)","esteettinen,selkeälinjainen,voimakas",
1,Male,King's goodbye,6C,12,Yes,Uusimaa,Raasepori,Raasepori,Jussarö,No,"59.820316,23.575201",59.820316,23.575201,https://27crags.com/crags/jussaro/routes/king-s-goodbye,,,släbi (slab),"krimppi (crimp),reuna/kantti (edge/ledge)","liikkuvuus (mobility),tasapaino (balance),tekniikka (technique)","esteettinen,herkkä,upea",
1,Male,Käärmeen käyrä,6C,12,Yes,Uusimaa,Helsinki,Kirkkonummi,Jolkby,No,"60.134678,24.471638",60.134678,24.471638,https://27crags.com/crags/jolkby-kirkkonummi/routes/kaarmeen-kayra,,,"hänkki (overhang),pysty (wall)","krimppi (crimp),reuna/kantti (edge/ledge),slouppi (sloper)","huukkaus (hook),keskivartalo (core),kompressio (compression),tekniikka (technique)",",ilmeinen,linja",
1,Male,Taivaanvartijat,6C,12,Yes,Uusimaa,Helsinki,Helsinki,Taivaskallio,No,"60.218591,24.954216",60.218591,24.954216,https://27crags.com/crags/taivaskallio/routes/taivaanvartijat,,,katto (roof),"krimppi (crimp),slouppi (sloper)","huukkaus (hook),keskivartalo (core),tekniikka (technique),voima (power)","palkitseva,tekninen,yllättävä",
1,Male,Turku Modern,6C,12,Yes,Varsinais-Suomi,Turku,Turku,Luolavuori,No,"60.431160,22.281605",60.43116,22.281605,https://27crags.com/crags/luolavuori-433/routes/turku-modern,,,hänkki (overhang),kahva (jug),"psyykkinen vahvuus  (mental strength),voima (power)","hänkki,klassikko,korkea",
1,Male,Feel so good to be afraid,6B+,11,Yes,Pirkanmaa,Tampere,Nokia,Horha,No,"61.438844,23.379366",61.438844,23.379366,https://27crags.com/crags/horha/routes/vekun-proj,,,pysty (wall),reuna/kantti (edge/ledge),"psyykkinen vahvuus  (mental strength),tasapaino (balance)",korkea,"""Toistamaton"""
1,Male,Hyvä!,6B+,11,Yes,Ahvenanmaan maalaiskunta,Geta,,Djupviksgrottorna,No,"60.398158,19.830765",60.398158,19.830765,https://27crags.com/crags/grottan/routes/hyva,,,katto (roof),"krimppi (crimp),slouppi (sloper)","huukkaus (hook),keskivartalo (core),kestävyys (endurance),psyykkinen vahvuus  (mental strength)","hyvä,vaikea,voimallinen","""Boulderointia parhaimmillaan, selkä maata viistäen. Masentavan alhainen greidi vaikeuteen nähden."""
1,Female,Kristallisydän,6B+,11,Yes,Uusimaa,Helsinki,Sipoo,Uusi Sipoo,No,"60.311802,25.249057",60.311802,25.249057,https://27crags.com/crags/uusi-sipoo/routes/kristallisydan,https://www.youtube.com/watch?v=hl0ykcPIxyU,,bulge,"kahva (jug),pihtipolvi,reuna/kantti (edge/ledge)","keskivartalo (core),tekniikka (technique)","hauska,ihana",
1,Male,Valaskala,6B+,11,Yes,Uusimaa,Helsinki,Helsinki,Taivaskallio,No,"60.219682,24.951515",60.219682,24.951515,https://27crags.com/crags/taivaskallio/routes/valaskala,https://vimeo.com/28776665,,"pysty (wall),släbi (slab)","kahva (jug),krimppi (crimp)","psyykkinen vahvuus  (mental strength),sormivoima (finger strength),tasapaino (balance),tekniikka (technique)","jylhä,kuumottava,palkitseva",
1,Female,Furiosa,6B,10,Yes,Kanta-Häme,Riihimäki,Riihimäki,Satulakorpi,No,"60.660733,24.701900",60.660733,24.7019,https://27crags.com/crags/satulakorpi/routes/furiosa,,,"pienen kiven pyöreä pääty - tuntuisi hölmöltä määritellä se hänkki,pysty kun ihan alussa vaan ollaan kiven alla mutta pystyksi sanominen antaa väärän mielikuvan.","krimppi (crimp),slouppi (sloper)","huukkaus (hook),keskivartalo (core),tasapaino (balance),tekniikka (technique)","erikoinen,lyhyt,vaihteleva","""Lyhyelle varmasti vielä antoisampi kuin pitkälle. Otteesta otteeseen pitää sitoutua tosissaan. Ratkaisu ei ole itsestäänselvä."""
1,Male,Koulupinnari,6B,10,Yes,Uusimaa,Helsinki,Helsinki,Herttua,No,"60.219847,24.969410",60.219847,24.96941,https://27crags.com/crags/herttua/routes/koulupinnari,https://www.youtube.com/watch?v=D_SbdzZVGxI,,"hänkki (overhang),pysty (wall)","kahva (jug),reuna/kantti (edge/ledge)","keskivartalo (core),voima (power)","erikoinen,ilmava,mielenkiintoinen",
1,Male,Lobotomy wall,6B,10,Yes,Uusimaa,Helsinki,Helsinki,Meilahti,No,"60.187698,24.897200",60.187698,24.8972,https://27crags.com/crags/meilahti/routes/lobotomy-wall,https://vimeo.com/78863562,,"pysty (wall),släbi (slab)","gastoni (gaston),krimppi (crimp)","psyykkinen vahvuus  (mental strength),sormivoima (finger strength)","jännä,korkea,laadukas","""HIENOT MUUVIT, EI KOVIN VAIKEA, MUTTA KORKEUS TUO MUKANAAN HAASTETTA. LOPUN MUUVIT EI LAINKAAN VAIKEITA, MUTTA VARMASTI JÄNITTÄÄ. KIVEN LAATU ON MYÖS AIVAN TIMANTTIA"""
1,Male,Soturiprinsessa,6B,10,Yes,Uusimaa,Helsinki,Hyvinkää,Piilolampi,No,"60.639745,24.728126",60.639745,24.728126,https://27crags.com/crags/piilolampi-hyvinkaa/routes/soturiprinsessa,,,"hänkki (overhang),kantti (arête),pysty (wall)","kahva (jug),krimppi (crimp),reuna/kantti (edge/ledge)","huukkaus (hook),keskivartalo (core),liikkuvuus (mobility),mantteli (mantel),psyykkinen vahvuus  (mental strength),tekniikka (technique)","herkkä,mahtava,sopiva",
1,Female,Undertaker,6B,10,Yes,Kanta-Häme,Hämeenlinna,Hämeenlinna,Taljala,No,"61.072757,24.024911",61.072757,24.024911,https://27crags.com/crags/taljala/routes/undertaker-133838,https://www.youtube.com/watch?v=8S9oiNL1RZY,,pysty (wall),"krimppi (crimp),underi (undercling)","liikkuvuus (mobility),sormivoima (finger strength),tasapaino (balance)","erikoinen,hauska,viihdyttävä","""Aloitusote on jo kivenmuotona kutkuttava, harvoin ulkona törmää tällaisiin muotoihin. Reitin muuvit tuntuivat yksinkertaisesti hienoilta."""
1,Female,Baby Voodoo,6A+,9,Yes,Ahvenanmaan maalaiskunta,Geta,,Djupviksgrottorna,No,"60.397900,19.830299",60.3979,19.830299,https://27crags.com/crags/grottan/routes/baby-voodoo,https://www.youtube.com/watch?v=lQPEqkZpH6c,,katto (roof),"kahva (jug),krimppi (crimp)","huukkaus (hook),keskivartalo (core),kestävyys (endurance),mantteli (mantel),sormivoima (finger strength),tekniikka (technique),voima (power)","hauska,kaunis,voimakas","""Boulderi on suurimmaksi osaksi katon reunassa poikkarointia, joten mataluudestaan huolimatta se ei ole liian lyhyt. Aloittelija pääsee haastamaan taitojaan monipuolisesti. Puolivälissä on pari hyvää mutta mahdollisesti veret ottavaa krimppiä, joten myös kivunsietokykyään pääsee testaamaan. Toppaus lipan yli sisältää hyvän mahdollisuuden sulavan steppailun sijaan hassusti pungertamiseen. Tällä reitillä on hauskaa ja maisema kuin postikortista."""
1,Male,Elevation,6A+,9,Yes,Pohjanmaa,Vaasa,Vaasa,Melaniemi,No,"63.079358,21.697266",63.079358,21.697266,https://27crags.com/crags/melaniemi/routes/elevation-129341,,,"hänkki (overhang),pysty (wall)","krimppi (crimp),slouppi (sloper)","huukkaus (hook),psyykkinen vahvuus  (mental strength)","jännä,kuumottava,liukas",
1,Male,Foot of the Mountain,6A+,9,Yes,Pirkanmaa,Lounais-Pirkanmaa,Sastamala,P. vuori,No,"61.518575,23.074971",61.518575,23.074971,https://27crags.com/crags/p-vuori/routes/foot-of-the-mountain,,,pysty (wall),krimppi (crimp),"psyykkinen vahvuus  (mental strength),tasapaino (balance)",korkea,"""Toistamaton"""
1,Female,360 Kickflip,6A,8,Yes,Ahvenanmaan maalaiskunta,Geta,,Djupviksgrottorna,No,"60.401326,19.831392",60.401326,19.831392,https://27crags.com/crags/grottan/routes/360-kickflip,https://www.youtube.com/watch?v=6S36foeNYRg,,katto (roof),kahva (jug),"mantteli (mantel),tekniikka (technique)","akrobaattinen,hauska,matala",
1,Male,Fault zone,6A,8,Yes,Uusimaa,Helsinki,Espoo,Kurttila,No,"60.174466,24.614375",60.174466,24.614375,https://27crags.com/crags/kurttila/routes/fault-zone,,,"kantti (arête),pysty (wall)","kahva (jug),reuna/kantti (edge/ledge)","keskivartalo (core),tasapaino (balance),tekniikka (technique),voima (power)","inspiroiva,muuvikas,runsas","""Huikea helpompi reitti. Pääkaupunkiseudun parhaita greidissään"""
1,Male,Laskuvarjojääkäri,6A,8,Yes,Uusimaa,Helsinki,Helsinki,Riistavuori,No,"60.219101,24.888500",60.219101,24.8885,https://27crags.com/crags/riistavuori/routes/laskuvarjojaakari,,,"pysty (wall),släbi (slab)","krimppi (crimp),slouppi (sloper)","liikkuvuus (mobility),tasapaino (balance),tekniikka (technique)","herkkä,ihana,kuumottava","""Ihanan kuumottava"""
1,Male,Mumbo,6A,8,Yes,Uusimaa,Helsinki,Helsinki,Koivusaari,No,"60.161499,24.847601",60.161499,24.847601,https://27crags.com/crags/koivusaari-bloc/routes/mumbo,https://vimeo.com/132431335,,pysty (wall),"krimppi (crimp),slouppi (sloper)","liikkuvuus (mobility),tasapaino (balance),tekniikka (technique)","helppo,lempeä,turvallinen","""Joka yrkällä pääsee sentin pidemmälle"""
1,Female,Släbi,6A,8,Yes,Pohjois-Savo,Sisä-Savo,Suonenjoki,Eskelinmäki,No,"62.669750,27.471097",62.66975,27.471097,https://27crags.com/crags/eskelinmaki/routes/slabi-150683,,,släbi (slab),"pinchi (pinch),reuna/kantti (edge/ledge)","keskivartalo (core),kestävyys (endurance),liikkuvuus (mobility),psyykkinen vahvuus  (mental strength),tasapaino (balance)","halaileva,korkea,mukava",
1,Female,Idaho,5,6,Yes,Uusimaa,Helsinki,Hyvinkää,Piilolampi,No,"60.635153,24.738604",60.635153,24.738604,https://27crags.com/crags/piilolampi-hyvinkaa/routes/idaho,,,pysty (wall),"kahva (jug),krimppi (crimp)",tasapaino (balance),"helppo,kiva,myönteisesti yllättävä","""Putoaa luokkaan ""kiva vitonen"". Helppoudestaan huolimatta pääsee ihan oikeasti kiipeämään. Kiva tasapainoiluvaihe ja juuri kun luulet, että probleema on vaikea greidilleen sinulle selviää, että topissa on kahvoja juuri siellä missä haluaisitkin niiden olevan."""
1,Male,Long Joe,5,6,Yes,Ahvenanmaan maalaiskunta,Geta,,Fågelberget,No,"60.416398,19.837822",60.416398,19.837822,https://27crags.com/crags/fagelberget/routes/long-joe,,,"hyvä traverse pääsin puoliväliin melkein,hänkki (overhang),kantti (arête),katto (roof),pysty (wall),släbi (slab)","gastoni (gaston),hyvä traverse,kahva (jug),krimppi (crimp),pinchi (pinch),poketti (pocket),reuna/kantti (edge/ledge),slouppi (sloper),underi (undercling)","dyno (dyno),erihyvä traverse-koordinaatio,huukkaus (hook),keskivartalo (core),kestävyys (endurance),kompressio (compression),liikkuvuus (mobility),mantteli (mantel),psyykkinen vahvuus  (mental strength),sormivoima (finger strength),tasapaino (balance),tekniikka (technique),voima (power)",mikä on adjektiivi?,"""Hyvä traverse"""
1,Male,Long Joen viereinen traverse,?,0,Yes,Ahvenanmaan maalaiskunta,Geta,,Fågelberget,No,"60.416398,19.837822",60.416398,19.837822,,,,"emt,hänkki (overhang),kantti (arête),katto (roof),pysty (wall),släbi (slab)","gastoni (gaston),kahva (jug),krimppi (crimp),kyinen kurkotus,pinchi (pinch),poketti (pocket),reuna/kantti (edge/ledge),slouppi (sloper),underi (undercling)","dyno (dyno),huukkaus (hook),hyvä keskikokoinen spottaaja,keskivartalo (core),kestävyys (endurance),kompressio (compression),liikkuvuus (mobility),mantteli (mantel),psyykkinen vahvuus  (mental strength),sormivoima (finger strength),tasapaino (balance),tekniikka (technique),voima (power)",vittumainen pyllerrys,"""Hyvä traverse"""
1,Male,Slummin linja,?,0,Yes,Päijät-Häme,,,,Yes,"60.982675,25.661210",60.982675,25.66121,,https://www.youtube.com/watch?v=imDwCeslq5Q&t=1m40s,,hänkki (overhang),"kahva (jug),slouppi (sloper),takakahva","psyykkinen vahvuus  (mental strength),tekniikka (technique)","harmaa,ilmava,kalteva","""Kiven laatu"""
