Timestamp,Suostumus,Ikä,Sukupuoli,Pituus (cm),Vaikein *ulkona* kiipeämäsi boulder,Boulderin nimi,Olen lähettänyt (kiivennyt) kyseisen boulderin,Kuvaile boulderia kolmella (3) adjektiivilla,Kuvaile boulderia omin sanoin (vapaaehtoinen),Boulderin pääprofiilit,Boulderin pääotetyypit,Boulderin kiipeämiseen vaadittavat pääkyvyt,Lisää suosikkiboulder #2,Boulderin nimi,Olen lähettänyt (kiivennyt) kyseisen boulderin,Kuvaile boulderia kolmella (3) adjektiivilla,Kuvaile boulderia omin sanoin (vapaaehtoinen),Boulderin pääprofiilit,Boulderin pääotetyypit,Boulderin kiipeämiseen vaadittavat pääkyvyt,Lisää suosikkiboulder #3,Boulderin nimi,Olen lähettänyt (kiivennyt) kyseisen boulderin,Kuvaile boulderia kolmella (3) adjektiivilla,Kuvaile boulderia omin sanoin (vapaaehtoinen),Boulderin pääprofiilit,Boulderin pääotetyypit,Boulderin kiipeämiseen vaadittavat pääkyvyt
12/17/2017 18:36:32,Kyllä,35 - 39,Mies,184,7A+,Muistipeli,Kyllä,"erilainen, kolmiulotteinen, pitkä",,"Katto (roof), Poikkari","Kahva (jug), Krimppi (crimp), Slouppi (sloper), Pinchi (pinch)","Keskivartalo (core), Huukkaus (hook), Kestävyys (endurance), Sormivoima (finger strength), Tekniikka (technique), Voima (power)",Ei,,,,,,,,,,,,,,,
12/17/2017 18:48:44,Kyllä,30 - 34,Mies,180,7B,Voodoo,Kyllä,"Tiukka, kaunis, hänkki",Siihen löyty aivan helevetin nätti sekvenssi.,"Hänkki (overhang), Katto (roof)","Krimppi (crimp), Reuna/kantti (edge/ledge), Underi (undercling)","Keskivartalo (core), Sormivoima (finger strength), Tekniikka (technique), Voima (power)",Ei,,,,,,,,,,,,,,,
12/17/2017 18:49:04,Kyllä,30 - 34,Mies,180,8A,One love,Kyllä,"Dynaaminen,Herkkä",Linjan esteettisyys ja monipuolisuus.,"Hänkki (overhang), Kantti (arête)","Krimppi (crimp), Reuna/kantti (edge/ledge)","Dyno (dyno), Huukkaus (hook), Sormivoima (finger strength)",Kyllä,Supermartikainen,Kyllä,"kompressio,hänkki,voimahali",Puhdas linja.,"Hänkki (overhang), Kantti (arête)","Krimppi (crimp), Slouppi (sloper), Reuna/kantti (edge/ledge)","Keskivartalo (core), Huukkaus (hook), Kompressio (compression), Liikkuvuus (mobility)",Kyllä,Kun Jari koskee,Kyllä,"halattava,komea,ylpeä",Kivenlaatu kuin fontsu.,"Pysty (wall), Kantti (arête)","Slouppi (sloper), Reuna/kantti (edge/ledge)","Keskivartalo (core), Huukkaus (hook), Kompressio (compression), Liikkuvuus (mobility), Tasapaino (balance)"
12/17/2017 18:53:03,Kyllä,25 - 29,Mies,190,7A,Bitch slap and male pinch,Kyllä,"kuumottava, miehekäs, korkea",,Pysty (wall),"Kahva (jug), Krimppi (crimp), Slouppi (sloper), Pinchi (pinch)","Psyykkinen vahvuus  (mental strength), Sormivoima (finger strength), Voima (power)",Kyllä,Elevation,Kyllä,"kuumottava, liukas, jännä",,"Pysty (wall), Hänkki (overhang)","Krimppi (crimp), Slouppi (sloper)","Huukkaus (hook), Psyykkinen vahvuus  (mental strength)",Kyllä,Kaljala,Kyllä,"Hankki, terävä, karhea",,"Pysty (wall), Hänkki (overhang)","Kahva (jug), Slouppi (sloper), Reuna/kantti (edge/ledge)","Dyno (dyno), Huukkaus (hook), Voima (power)"
12/17/2017 19:10:14,Kyllä,25 - 29,Mies,180,8A,Maitomies,Kyllä,"Herkkä, vaikea, klassikko",,Pysty (wall),Reuna/kantti (edge/ledge),Tasapaino (balance),Kyllä,Viimeinen Tuuttikuski,Kyllä,"Herkkä, fontsu, isoa muuvia",,Kantti (arête),Slouppi (sloper),"Huukkaus (hook), Kompressio (compression), Sormivoima (finger strength)",Ei,,,,,,,
12/17/2017 19:20:38,Kyllä,20 - 24,Mies,179,8B,Live like Makkonen,Kyllä,"Charmikas, legendaarinen ja asentohomma",,Pysty (wall),Krimppi (crimp),"Liikkuvuus (mobility), Sormivoima (finger strength), Tasapaino (balance), Tekniikka (technique)",Ei,,,,,,,,,,,,,,,
12/17/2017 19:21:24,Kyllä,35 - 39,Mies,180,8A+,Long running funk,Kyllä,"Uniikki,",,Katto (roof),"Slouppi (sloper), Pinchi (pinch)","Keskivartalo (core), Sormivoima (finger strength), Voima (power)",Ei,,,,,,,,,,,,,,,
12/17/2017 19:58:38,Kyllä,25 - 29,Mies,183,7C,Veenus,Kyllä,"Tekninen, vaihteleva, tyylikäs",,Pysty (wall),Krimppi (crimp),"Liikkuvuus (mobility), Tekniikka (technique)",Kyllä,King's goodbye,Kyllä,"Esteettinen, herkkä, upea",,Släbi (slab),"Krimppi (crimp), Reuna/kantti (edge/ledge)","Liikkuvuus (mobility), Tasapaino (balance), Tekniikka (technique)",Kyllä,King of Dogs,Kyllä,"Selkeä, Herkkä, Kuumottava",,Pysty (wall),Krimppi (crimp),"Keskivartalo (core), Kestävyys (endurance), Psyykkinen vahvuus  (mental strength), Sormivoima (finger strength)"
12/17/2017 19:59:10,Kyllä,35 - 39,Mies,181,7C,Pervertti,Kyllä,"voimaa, tekniikkaa, herkkyyttä",Lukko ja krimppi test piece,"Släbi (slab), Pysty (wall)",Krimppi (crimp),"Liikkuvuus (mobility), Sormivoima (finger strength), Tekniikka (technique), Voima (power)",Ei,,,,,,,,,,,,,,,
12/17/2017 20:52:23,Kyllä,30 - 34,Mies,176,6C,Soturiprinsessa,Kyllä,"Mahtava, herkkä, sopiva",,"Pysty (wall), Hänkki (overhang), Kantti (arête)","Kahva (jug), Krimppi (crimp), Reuna/kantti (edge/ledge)","Keskivartalo (core), Huukkaus (hook), Liikkuvuus (mobility), Mantteli (mantel), Psyykkinen vahvuus  (mental strength), Tekniikka (technique)",Ei,,,,,,,,,,,,,,,
12/17/2017 20:56:04,Kyllä,25 - 29,Nainen,170,7A,Kristallisydän,Kyllä,"Ihana, ihana, hauska",,Bulge,"Kahva (jug), Reuna/kantti (edge/ledge), Pihtipolvi","Keskivartalo (core), Tekniikka (technique)",Kyllä,360 Kickflip,Kyllä,"hauska, akrobaattinen, matala ",,Katto (roof),Kahva (jug),"Mantteli (mantel), Tekniikka (technique)",Ei,,,,,,,
12/17/2017 20:57:27,Kyllä,40 - 44,Nainen,168,6B,Undertaker,Kyllä,"Hauska, viihdyttävä, erikoinen","Aloitusote on jo kivenmuotona kutkuttava, harvoin ulkona törmää tällaisiin muotoihin. Reitin muuvit tuntuivat yksinkertaisesti hienoilta.",Pysty (wall),"Krimppi (crimp), Underi (undercling)","Liikkuvuus (mobility), Sormivoima (finger strength), Tasapaino (balance)",Ei,,,,,,,,,,,,,,,
12/17/2017 21:05:26,Kyllä,40 - 44,Mies,171,7C,Melankolia ss,Kyllä,"Voimallinen, tekninen, dynaaminen",Klassikko joka pitää jokaisen kiivetä. ,"Hänkki (overhang), Kantti (arête)","Krimppi (crimp), Slouppi (sloper)","Keskivartalo (core), Dyno (dyno), Huukkaus (hook), Sormivoima (finger strength)",Kyllä,Kompressöör,Kyllä,"Monipuolinen, tasapainottelu, voima",Monipuolinen,"Släbi (slab), Hänkki (overhang), Kantti (arête)",Slouppi (sloper),"Keskivartalo (core), Liikkuvuus (mobility), Tasapaino (balance)",Ei,,,,,,,
12/17/2017 21:09:31,Kyllä,25 - 29,Mies,180,6B+,Enkeli,Kyllä,"Helposti luettava, sakottaa virheistä, monta variaatiota","Selvät otteet, joiden kuluneisuus tekee reitistä haastavan. Monipuoliset ja herkät muuvit.","Pysty (wall), Kantti (arête)","Krimppi (crimp), Slouppi (sloper)","Keskivartalo (core), Huukkaus (hook), Psyykkinen vahvuus  (mental strength), Tekniikka (technique)",Ei,,,,,,,,,,,,,,,
12/17/2017 21:29:51,Kyllä,25 - 29,Mies,184,7B+,Tyhjä sielu,Kyllä,"Voimallinen, huukkitekninen, oterikas",Upeita moveja jatkuvalla syötöllä huikeella kivenlaadulla,Hänkki (overhang),"Kahva (jug), Krimppi (crimp), Slouppi (sloper), Reuna/kantti (edge/ledge), Underi (undercling)","Keskivartalo (core), Huukkaus (hook), Sormivoima (finger strength), Tekniikka (technique), Voima (power)",Kyllä,Block Work,Kyllä,"Tekninen, haastava, hieno",Loivalla hänkillä upeita moveja,Hänkki (overhang),"Kahva (jug), Krimppi (crimp)","Keskivartalo (core), Huukkaus (hook), Sormivoima (finger strength), Tekniikka (technique)",Kyllä,Ilmahässäkkä,Kyllä,"Dyno, kahvoja, swingi",Hyvistä otteista pitkä vaikeahko dyno ja mahdollisuus yhden käden swingiin,"Pysty (wall), Hänkki (overhang)","Kahva (jug), Slouppi (sloper)","Dyno (dyno), Psyykkinen vahvuus  (mental strength), Tekniikka (technique)"
12/17/2017 21:32:13,Kyllä,35 - 39,Mies,181,7C,Kummitusjuna assis,Ei,Pitkä korkea hieno,Ympäristö tekee boulderista täydellisen,"Pysty (wall), Hänkki (overhang), Kantti (arête)","Krimppi (crimp), Reuna/kantti (edge/ledge), Pinchi (pinch)","Huukkaus (hook), Kompressio (compression), Sormivoima (finger strength), Voima (power)",Kyllä,Dynamo,Kyllä,"Dynaaminen, lyhyt, klassikko",Se pitää kiivetä joka kevät,"Pysty (wall), Hänkki (overhang)","Kahva (jug), Krimppi (crimp)","Dyno (dyno), Voima (power)",Ei,,,,,,,
12/17/2017 21:58:12,Kyllä,35 - 39,Mies,183,8A,Long running funk,Kyllä,"Jylhä,jyrkkä,kaunis","Hyvät muuvit, Suomessa harvinaista kattiloiden lyö Suomen kauneimmalle kiipeilypäivän.","Pysty (wall), Katto (roof)","Kahva (jug), Krimppi (crimp), Slouppi (sloper), Underi (undercling)","Keskivartalo (core), Huukkaus (hook), Kestävyys (endurance), Kompressio (compression), Tekniikka (technique), Voima (power)",Kyllä,Hottentotti,Kyllä,"Rehellinen, voimallinen, raastava","Hermoja raastava ja rankaisee heti, kun teet virheen.",Hänkki (overhang),"Kahva (jug), Krimppi (crimp), Slouppi (sloper), Pinchi (pinch)","Keskivartalo (core), Dyno (dyno), Huukkaus (hook), Kompressio (compression), Psyykkinen vahvuus  (mental strength), Tekniikka (technique), Voima (power)",Kyllä,Jäätävä polte,Ei,"Uniikki, dynaaminen, herkkä",Hienot muuvit ja todella harvinainen.,"Hänkki (overhang), Kantti (arête)","Kahva (jug), Krimppi (crimp), Slouppi (sloper), Pinchi (pinch), Poketti (pocket)","Keskivartalo (core), Dyno (dyno), Huukkaus (hook), Kompressio (compression), Tasapaino (balance), Tekniikka (technique), Voima (power)"
12/17/2017 22:24:03,Kyllä,30 - 34,Mies,175,6C,Even Angel Will Fall,Ei,"Kunnioitustaherättävä, upea, jylhä",,Pysty (wall),"Krimppi (crimp), Reuna/kantti (edge/ledge), Pinchi (pinch), Underi (undercling)","Keskivartalo (core), Huukkaus (hook), Kompressio (compression), Psyykkinen vahvuus  (mental strength), Sormivoima (finger strength), Tekniikka (technique), Voima (power)",Ei,,,,,,,,,,,,,,,
12/17/2017 22:30:52,Kyllä,30 - 34,Mies,193,7C+,Reloaded assis,Kyllä,"Voimakas, dynaaminen, tekninen",,Hänkki (overhang),Reuna/kantti (edge/ledge),"Keskivartalo (core), Sormivoima (finger strength), Tekniikka (technique), Voima (power)",Kyllä,Sündenfall,Kyllä,"Ilmava, voimakas, komea",,Hänkki (overhang),"Kahva (jug), Krimppi (crimp), Reuna/kantti (edge/ledge), Pinchi (pinch), Gastoni (gaston)","Keskivartalo (core), Huukkaus (hook), Kestävyys (endurance), Psyykkinen vahvuus  (mental strength), Sormivoima (finger strength), Tekniikka (technique), Voima (power)",Ei,,,,,,,
12/17/2017 22:36:01,Kyllä,40 - 44,Mies,180,8A,Timantit ovat ikuisia,Kyllä,"fyysinen, psyykkinen, fyysinen",,Pysty (wall),Krimppi (crimp),"Keskivartalo (core), Kestävyys (endurance), Tekniikka (technique), Voima (power)",Kyllä,Highlander,Kyllä,"rare, epic, legendary","monipuolinen, korkeus ja alastulo vaativat henkistä kanttia","Släbi (slab), Pysty (wall), Hänkki (overhang)","Krimppi (crimp), Slouppi (sloper), Reuna/kantti (edge/ledge)","Huukkaus (hook), Psyykkinen vahvuus  (mental strength), Sormivoima (finger strength), Voima (power)",Ei,,,,,,,
12/17/2017 22:36:15,Kyllä,30 - 34,Mies,170,7B,Ruoska,Kyllä,"Herkkä, korkea, tekninen",,Pysty (wall),Krimppi (crimp),"Liikkuvuus (mobility), Psyykkinen vahvuus  (mental strength), Sormivoima (finger strength), Tasapaino (balance), Tekniikka (technique)",Ei,,,,,,,,,,,,,,,
12/17/2017 22:43:10,Kyllä,35 - 39,Mies,184,7A,Mumbo,Kyllä,"Helppo, turvallinen, lempeä",Joka yrkällä pääsee sentin pidemmälle,Pysty (wall),"Krimppi (crimp), Slouppi (sloper)","Liikkuvuus (mobility), Tasapaino (balance), Tekniikka (technique)",Ei,,,,,,,,,,,,,,,
12/17/2017 22:50:14,Kyllä,40 - 44,Mies,165,7B+,Kompressöör stand,Kyllä,"Tekninen, herkkä, komea","Herkät ja jännittävät muuvit,  riittävän korkea muttei liian pelottava ","Släbi (slab), Pysty (wall), Kantti (arête)","Krimppi (crimp), Slouppi (sloper), Reuna/kantti (edge/ledge), Pinchi (pinch)","Kompressio (compression), Sormivoima (finger strength), Tasapaino (balance), Tekniikka (technique)",Kyllä,George,Kyllä,"Monipuolinen, hauska, tekninen",Mielenkiintoisia kikkamuuveja alusta loppuun ,"Släbi (slab), Kantti (arête)","Krimppi (crimp), Reuna/kantti (edge/ledge)","Keskivartalo (core), Tasapaino (balance), Tekniikka (technique)",Kyllä,Block Work,Kyllä,"Tiukka, raskas, jatkuva",Komea jatkuva linja jossa täytyy keskittyä jokaiseen muuviin alusta loppuun.  ,Hänkki (overhang),Krimppi (crimp),"Keskivartalo (core), Sormivoima (finger strength), Tekniikka (technique)"
12/17/2017 22:50:28,Kyllä,25 - 29,Mies,172,7B,Fiilistelyn kulminaatio,Kyllä,"Korkea, selkeä, herkkä","Täydellisesti haljennut kiven korkein seinä. Kaikkein selkein linja, jossa riittävästi muuveja","Hänkki (overhang), Kantti (arête)","Kahva (jug), Krimppi (crimp), Reuna/kantti (edge/ledge)","Huukkaus (hook), Psyykkinen vahvuus  (mental strength), Sormivoima (finger strength), Tekniikka (technique)",Kyllä,Laskuvarjojääkäri,Kyllä,"Herkkä, kuumottava, ihana",Ihanan kuumottava,"Släbi (slab), Pysty (wall)","Krimppi (crimp), Slouppi (sloper)","Liikkuvuus (mobility), Tasapaino (balance), Tekniikka (technique)",Kyllä,Fault zone,Kyllä,"Runsas, inspiroiva, muuvikas",Huikea helpompi reitti. Pääkaupunkiseudun parhaita greidissään,"Pysty (wall), Kantti (arête)","Kahva (jug), Reuna/kantti (edge/ledge)","Keskivartalo (core), Tasapaino (balance), Tekniikka (technique), Voima (power)"
12/17/2017 22:50:59,Kyllä,35 - 39,Mies,181,6C,Jotain dullattavaa,Kyllä,"Pitkä, esteettinen, kaunis",Traverse sekä pituus,Hänkki (overhang),"Kahva (jug), Krimppi (crimp)","Keskivartalo (core), Kestävyys (endurance), Voima (power)",Kyllä,Enkeli,Kyllä,"Tarkka, kaunis",Kuumottava toppaus ja tarkkoja muuveja kolme ennen sitä,"Pysty (wall), Kantti (arête)","Krimppi (crimp), Slouppi (sloper), Reuna/kantti (edge/ledge)","Keskivartalo (core), Mantteli (mantel), Tasapaino (balance)",Ei,,,,,,,
12/18/2017 0:43:12,Kyllä,35 - 39,Mies,194,7C+,Blackstreak Boys,Kyllä,"Selkeä, korkea, dyno",2 peräkkäistä dynoa,Pysty (wall),Krimppi (crimp),"Dyno (dyno), Psyykkinen vahvuus  (mental strength), Sormivoima (finger strength), Tekniikka (technique)",Kyllä,World of Rivers,Kyllä,"Kitka, Smear, jalkaoteeton",Jalat on todella huonot,Pysty (wall),Krimppi (crimp),"Keskivartalo (core), Sormivoima (finger strength), Tekniikka (technique), Oikeat kengät",Kyllä,Roadblock,Kyllä,"Uljas, esteettinen, selkeä",,Pysty (wall),"Krimppi (crimp), Underi (undercling)","Keskivartalo (core), Dyno (dyno), Huukkaus (hook), Kompressio (compression), Psyykkinen vahvuus  (mental strength), Sormivoima (finger strength), Tekniikka (technique)"
12/18/2017 1:08:54,Kyllä,30 - 34,Mies,169,7C,Sithin Kosto,Kyllä,"Krimppaava, hänkki, voimallinen",,Hänkki (overhang),Krimppi (crimp),"Keskivartalo (core), Sormivoima (finger strength), Voima (power)",Kyllä,Savon Partage,Kyllä,"Korkea, jännittävä, uljas",,Pysty (wall),"Krimppi (crimp), Slouppi (sloper)","Keskivartalo (core), Huukkaus (hook), Kompressio (compression), Psyykkinen vahvuus  (mental strength)",Ei,,,,,,,
12/18/2017 6:18:41,Kyllä,30 - 34,Mies,169,7C,Huhu,Kyllä,"Jyrkkä, voimallinen, kompakti",,Hänkki (overhang),"Krimppi (crimp), Reuna/kantti (edge/ledge)","Keskivartalo (core), Huukkaus (hook), Kompressio (compression), Sormivoima (finger strength), Voima (power)",Ei,,,,,,,,,,,,,,,
12/18/2017 7:21:43,Kyllä,25 - 29,Nainen,161,7C,Martinin poikkari,Kyllä,"Sujuva, asento herkkä, ulkokiipeilytyylinen","Mukavat otteet, ei teräviä. Sijainnista lisäpisteitä. Tyyliltään vaihteleva, erilaisia otteita ja täytyy osata erilaisia kiipeilytekniikoita päästääkseen (ainakin lyhyen täytyy).","Hänkki (overhang), Kantti (arête)","Slouppi (sloper), Reuna/kantti (edge/ledge), Pinchi (pinch)","Keskivartalo (core), Huukkaus (hook), Kestävyys (endurance), Liikkuvuus (mobility), Psyykkinen vahvuus  (mental strength), Tekniikka (technique), Voima (power)",Kyllä,Saturday night fever,Kyllä,"Ilmava, opettelua vaativa","Pisteet tulee siitä, että lyhyenä joutui kikkailemaan ja projektoimaan ja silti onnistui.","Pysty (wall), Hänkki (overhang)","Krimppi (crimp), Reuna/kantti (edge/ledge), Pinchi (pinch)","Keskivartalo (core), Dyno (dyno), Liikkuvuus (mobility), Psyykkinen vahvuus  (mental strength), Sormivoima (finger strength), Tekniikka (technique), Voima (power), varvas koukku",Ei,,,,,,,
12/18/2017 8:14:55,Kyllä,25 - 29,Mies,170,7C,Peilipeli,Kyllä,"Vaikea, herkkä, raskas",Uniikit muuvit hienoil otteil,"Släbi (slab), Hänkki (overhang)","Krimppi (crimp), Underi (undercling)","Psyykkinen vahvuus  (mental strength), Sormivoima (finger strength), Tasapaino (balance), Tekniikka (technique), Voima (power)",Ei,,,,,,,,,,,,,,,
12/18/2017 8:45:10,Kyllä,30 - 34,Mies,173,8A+,Gipsy grooves,Kyllä,"Tekninen, tasainen, henkinen",,Hänkki (overhang),Krimppi (crimp),"Psyykkinen vahvuus  (mental strength), Sormivoima (finger strength), Tasapaino (balance), Tekniikka (technique)",Kyllä,"Kolmen Tähden Isä , ss",Kyllä,"Hieno, tekninen, mukava",,Hänkki (overhang),"Krimppi (crimp), Gastoni (gaston)","Keskivartalo (core), Liikkuvuus (mobility), Sormivoima (finger strength), Tekniikka (technique)",Kyllä,Left october,Kyllä,"Voimallinen, hieno, uniikki",,Hänkki (overhang),"Krimppi (crimp), Poketti (pocket), Underi (undercling)","Keskivartalo (core), Huukkaus (hook), Kestävyys (endurance), Sormivoima (finger strength), Tekniikka (technique), Voima (power)"
12/18/2017 8:54:18,Kyllä,30 - 34,Mies,180,7C+,Supermartikainen SS,Kyllä,"Kompressiota, erinomaista kiveä, huukkitekniikkaa",,"Hänkki (overhang), Kantti (arête)","Slouppi (sloper), Reuna/kantti (edge/ledge)","Huukkaus (hook), Kompressio (compression), Tekniikka (technique)",Ei,,,,,,,,,,,,,,,
12/18/2017 9:07:16,Kyllä,35 - 39,Mies,194,7C+,Blackstreak Boys,Kyllä,"Selkeä, korkea, dyno",2 peräkkäistä dynoa,Pysty (wall),Krimppi (crimp),"Dyno (dyno), Psyykkinen vahvuus  (mental strength), Sormivoima (finger strength), Tekniikka (technique)",Kyllä,World of Rivers,Kyllä,"Kitka, Smear, jalkaoteeton",Jalat on todella huonot,Pysty (wall),Krimppi (crimp),"Keskivartalo (core), Sormivoima (finger strength), Tekniikka (technique), Oikeat kengät",Kyllä,Roadblock,Kyllä,"Uljas, esteettinen, selkeä",,Pysty (wall),"Krimppi (crimp), Underi (undercling)","Keskivartalo (core), Dyno (dyno), Huukkaus (hook), Kompressio (compression), Psyykkinen vahvuus  (mental strength), Sormivoima (finger strength), Tekniikka (technique)"
12/18/2017 9:21:00,Kyllä,25 - 29,Mies,181,7A+,Teräsmies,Kyllä,"tarkka, upea, kaunis",,"Släbi (slab), Pysty (wall)","Krimppi (crimp), Slouppi (sloper), Reuna/kantti (edge/ledge)","Keskivartalo (core), Huukkaus (hook), Liikkuvuus (mobility), Tasapaino (balance)",Ei,,,,,,,,,,,,,,,
12/18/2017 10:03:10,Kyllä,35 - 39,Nainen,164,6B,Baby Voodoo,Kyllä,"voimakas, kaunis, hauska","Boulderi on suurimmaksi osaksi katon reunassa poikkarointia, joten mataluudestaan huolimatta se ei ole liian lyhyt. Aloittelija pääsee haastamaan taitojaan monipuolisesti. Puolivälissä on pari hyvää mutta mahdollisesti veret ottavaa krimppiä, joten myös kivunsietokykyään pääsee testaamaan. Toppaus lipan yli sisältää hyvän mahdollisuuden sulavan steppailun sijaan hassusti pungertamiseen. Tällä reitillä on hauskaa ja maisema kuin postikortista.",Katto (roof),"Kahva (jug), Krimppi (crimp)","Keskivartalo (core), Huukkaus (hook), Kestävyys (endurance), Mantteli (mantel), Sormivoima (finger strength), Tekniikka (technique), Voima (power)",Kyllä,Furiosa,Kyllä,"lyhyt, erikoinen, vaihteleva",Lyhyelle varmasti vielä antoisampi kuin pitkälle. Otteesta otteeseen pitää sitoutua tosissaan. Ratkaisu ei ole itsestäänselvä.,"Pienen kiven pyöreä pääty - tuntuisi hölmöltä määritellä se hänkki, pysty kun ihan alussa vaan ollaan kiven alla mutta pystyksi sanominen antaa väärän mielikuvan.","Krimppi (crimp), Slouppi (sloper)","Keskivartalo (core), Huukkaus (hook), Tasapaino (balance), Tekniikka (technique)",Kyllä,Idaho,Kyllä,"helppo, kiva, myönteisesti yllättävä","Putoaa luokkaan ""kiva vitonen"". Helppoudestaan huolimatta pääsee ihan oikeasti kiipeämään. Kiva tasapainoiluvaihe ja juuri kun luulet, että probleema on vaikea greidilleen sinulle selviää, että topissa on kahvoja juuri siellä missä haluaisitkin niiden olevan.",Pysty (wall),"Kahva (jug), Krimppi (crimp)",Tasapaino (balance)
12/18/2017 10:03:16,Kyllä,35 - 39,Mies,181,7C,Kun Jari koskee,Kyllä,"Tekninen, kompressio, upea",Parasta kiveä Suomessa,"Pysty (wall), Kantti (arête)",Slouppi (sloper),"Keskivartalo (core), Kompressio (compression), Tasapaino (balance), Tekniikka (technique)",Kyllä,Endless hangover,Kyllä,"Hänkki, dynaaminen, pitkä",Hieno ja jatkuva linja alusta loppuun tiukalla hänkillä ja hyvillä otteilla,Hänkki (overhang),"Kahva (jug), Krimppi (crimp)","Keskivartalo (core), Kestävyys (endurance), Sormivoima (finger strength), Voima (power)",Kyllä,Gordon Gekko,Kyllä,"Halkeama, hänkki, laatu","Harvinaisen hieno halkeama boulderi, joka on mahdollista kiivetä jammailemalla trädityyliin tai ilman jammeja.",Hänkki (overhang),Kräkki,"Keskivartalo (core), Tekniikka (technique), Voima (power)"
12/18/2017 11:53:28,Kyllä,30 - 34,Mies,188,7B,The Three Pygmyteers,Kyllä,"Herkän, voimallinen komperssio",Reitin otteet ovat hyvät ja erityisen mukavat.,Pysty (wall),Reuna/kantti (edge/ledge),"Kompressio (compression), Tasapaino (balance), Voima (power)",Kyllä,Lorién,Ei,"Hieno, tekninen, voimallinen","Hieno tasapaino liike underista pinchiin, josta dynotaan.",Hänkki (overhang),"Kahva (jug), Pinchi (pinch)","Dyno (dyno), Psyykkinen vahvuus  (mental strength), Tekniikka (technique)",Kyllä,Kun Jari koskee,Kyllä,"Herkkää, hienoa, kompressiota",,Kantti (arête),"Slouppi (sloper), Reuna/kantti (edge/ledge)",Kompressio (compression)
12/18/2017 12:27:09,Kyllä,35 - 39,Mies,178,7B+,Saturday night fever,Kyllä,Klassikko,,Kantti (arête),"Krimppi (crimp), Reuna/kantti (edge/ledge)",Huukkaus (hook),Ei,,,,,,,,,,,,,,,
12/18/2017 13:51:13,Kyllä,25 - 29,Mies,180,7B,Puerto Rico,Kyllä,"Tekninen, kuumottava, kaunis",Reitti ehkä suomen kauneimmalla boulder-kivellä. Erityisen herkkä ja hieno reitti,Pysty (wall),"Krimppi (crimp), Reuna/kantti (edge/ledge)","Huukkaus (hook), Liikkuvuus (mobility), Mantteli (mantel), Tasapaino (balance), Tekniikka (technique)",Kyllä,Kasvihuoneilmiö,Kyllä,"Tekninen, herkkä, alueelleen tyypillinen",Luolavuoren traverse-reittien ehdoton kruununjalokivi. Alueen klassikko,Pysty (wall),Slouppi (sloper),"Liikkuvuus (mobility), Tasapaino (balance), Tekniikka (technique)",Ei,,,,,,,
12/18/2017 14:34:27,Kyllä,35 - 39,Mies,174,7B,Royal Tawastbaum,Kyllä,"tekninen,tarkka,terävä",,"Släbi (slab), Pysty (wall)","Krimppi (crimp), Reuna/kantti (edge/ledge)","Liikkuvuus (mobility), Tasapaino (balance), Tekniikka (technique)",Kyllä,Le' slouper,Kyllä,"lyhyt,mukava",sormiystävällinen,Pysty (wall),Slouppi (sloper),"Liikkuvuus (mobility), Mantteli (mantel), Tasapaino (balance)",Kyllä,Käärmeen käyrä,Kyllä,"linja,ilmeinen,",,"Pysty (wall), Hänkki (overhang)","Krimppi (crimp), Slouppi (sloper), Reuna/kantti (edge/ledge)","Keskivartalo (core), Huukkaus (hook), Kompressio (compression), Tekniikka (technique)"
12/18/2017 14:46:20,Kyllä,30 - 34,Mies,178,7A+,Koulupinnari,Kyllä,"mielenkiintoinen, ilmava, erikoinen",,"Pysty (wall), Hänkki (overhang)","Kahva (jug), Reuna/kantti (edge/ledge)","Keskivartalo (core), Voima (power)",Kyllä,Tampereen Pyrintö,Kyllä,"dynaaminen, haastava, kuumottava",,Hänkki (overhang),"Slouppi (sloper), Reuna/kantti (edge/ledge)","Dyno (dyno), Huukkaus (hook), Voima (power)",Kyllä,Taivaanvartijat,Kyllä,"yllättävä, tekninen, palkitseva",,Katto (roof),"Krimppi (crimp), Slouppi (sloper)","Keskivartalo (core), Huukkaus (hook), Tekniikka (technique), Voima (power)"
12/18/2017 15:04:09,Kyllä,40 - 44,Mies,180,6C,Lemmen jättiläinen,Kyllä,"Kaunis, kiipeilyllinen, esteettinen","Kaikki otteet ja muuvit juuri sopivia, ei yhtään turhaa tai ylimääräistä. Kiipeää kauniisti.",Hänkki (overhang),Krimppi (crimp),"Mantteli (mantel), Sormivoima (finger strength), Tekniikka (technique)",Ei,,,,,,,,,,,,,,,
12/18/2017 15:04:10,Kyllä,40 - 44,Mies,180,6C,Lemmen jättiläinen,Kyllä,"Kaunis, kiipeilyllinen, esteettinen","Kaikki otteet ja muuvit juuri sopivia, ei yhtään turhaa tai ylimääräistä. Kiipeää kauniisti.",Hänkki (overhang),Krimppi (crimp),"Mantteli (mantel), Sormivoima (finger strength), Tekniikka (technique)",Ei,,,,,,,,,,,,,,,
12/18/2017 15:16:19,Kyllä,40 - 44,Mies,175,7B,Ruoska,Kyllä,"Tekninen, korkea, monipuolinen",,Hänkki (overhang),Krimppi (crimp),"Keskivartalo (core), Psyykkinen vahvuus  (mental strength), Sormivoima (finger strength), Tasapaino (balance), Tekniikka (technique)",Ei,,,,,,,,,,,,,,,
12/18/2017 15:29:16,Kyllä,15 - 19,Mies,172,8A,Hottentotti,Kyllä,"klassikko, voittamaton, märkä",,Hänkki (overhang),"Kahva (jug), Krimppi (crimp), Slouppi (sloper)","Keskivartalo (core), Huukkaus (hook), Liikkuvuus (mobility), Sormivoima (finger strength), Tekniikka (technique), Voima (power)",Ei,,,,,,,,,,,,,,,
12/18/2017 15:39:36,Kyllä,15 - 19,Mies,180,7C,Herkules,Kyllä,hieno,"kivat muuvit, sopivan korkea ,ihan mukavat otteet.","Pysty (wall), Kantti (arête)","Krimppi (crimp), Reuna/kantti (edge/ledge)","Kompressio (compression), Psyykkinen vahvuus  (mental strength), Tekniikka (technique)",Kyllä,Kun Jari koskee,Kyllä,hieno,"tosi hyvää kiveä ,hienot muuvit, kivan näköinen","Pysty (wall), Kantti (arête)","Slouppi (sloper), Reuna/kantti (edge/ledge)","Huukkaus (hook), Kompressio (compression), Tekniikka (technique)",Kyllä,Supermartikainen,Kyllä,hieno,"hienon näköinen, tosi kivat muuvit (pikkasen morpho)","Hänkki (overhang), Kantti (arête)","Slouppi (sloper), Reuna/kantti (edge/ledge)","Huukkaus (hook), Kompressio (compression), Liikkuvuus (mobility), Voima (power)"
12/18/2017 15:39:00,Kyllä,15 - 19,Mies,175,8A+,Forte risoluto,Kyllä,"Krimpikäs, lennokas, jännittävä",,"Pysty (wall), Hänkki (overhang)",Krimppi (crimp),"Sormivoima (finger strength), Tekniikka (technique)",Ei,,,,,,,,,,,,,,,
12/18/2017 17:41:13,Kyllä,25 - 29,Mies,172,7A,Elekantti,Ei,"Hänkki, jatkuva, korkea","Selkeä linja, tasaiset muuvit",Hänkki (overhang),Reuna/kantti (edge/ledge),"Kompressio (compression), Voima (power)",Kyllä,Turku Modern,Kyllä,"Hänkki, korkea, klassikko",,Hänkki (overhang),Kahva (jug),"Psyykkinen vahvuus  (mental strength), Voima (power)",Ei,,,,,,,
12/18/2017 17:54:22,Kyllä,20 - 24,Mies,182,8B+,Happy Up Here,Kyllä,"Upea, monipuolinen, sopivan korkea",,"Pysty (wall), Hänkki (overhang)","Kahva (jug), Krimppi (crimp), Slouppi (sloper)","Dyno (dyno), Psyykkinen vahvuus  (mental strength), Sormivoima (finger strength), Tasapaino (balance), Tekniikka (technique)",Kyllä,Localist,Kyllä,"Täydellinen, hyvää kiveä,  tekninen",,"Hänkki (overhang), Kantti (arête)","Krimppi (crimp), Reuna/kantti (edge/ledge), Pinchi (pinch)","Keskivartalo (core), Huukkaus (hook), Kompressio (compression), Sormivoima (finger strength), Tasapaino (balance), Tekniikka (technique)",Kyllä,Ceasar,Kyllä,"Pelkistetty, kuumottava, uniikki",,"Pysty (wall), Hänkki (overhang)","Krimppi (crimp), Slouppi (sloper)","Dyno (dyno), Psyykkinen vahvuus  (mental strength)"
12/18/2017 18:29:10,Kyllä,40 - 44,Mies,176,7B,Uberhänk,Kyllä,"Dynaaminen, jännittävä, huukkailtava","Lähtö luolasta, huukattava kantti sloupperiin, jännittävä bulgen ylitys pikkukrimpillä, no shit moves","Hänkki (overhang), Kantti (arête)","Krimppi (crimp), Slouppi (sloper), Reuna/kantti (edge/ledge)","Dyno (dyno), Huukkaus (hook), Voima (power)",Kyllä,Elämä on pyyttonia,Ei,"Pitkä, huukattava, korkea","Puhdas sloupperi probleema pitkällä traversella, päättyen pitkään lukkoon ja herkkään high ball toppaukseen","Släbi (slab), Pysty (wall)",Slouppi (sloper),"Keskivartalo (core), Huukkaus (hook), Kestävyys (endurance)",Kyllä,Isak,Kyllä,"Huukkailava, manttelihtava, rypistettävä",Erilaisia huukkeja ja erikoinen manttelihtava toppaus varpaan päälle vetäen liukkaasta sloupperista pinchiin,"Hänkki (overhang), Kantti (arête)","Slouppi (sloper), Pinchi (pinch)","Keskivartalo (core), Huukkaus (hook), Liikkuvuus (mobility)"
12/18/2017 18:41:10,Kyllä,35 - 39,Nainen,164,7B,Uberhänk,Kyllä,"Kaunis, kuvauksellinen, tyylikäs","Boulderin nähdessään sen haluaa kiivetä! Selkeä kantti, hänkkäävä ja kuvauksellinen. Useampi tapa kiivetä toppiin.",Hänkki (overhang),Reuna/kantti (edge/ledge),"Huukkaus (hook), Tekniikka (technique), Voima (power)",Kyllä,Vanhuuteen ja Takaisin,Kyllä,"Huukkailtava, tekninen, hieno","Monipuolinen monen muuvin reitti, saa huukkailla, paljon otteita, kuitenkaan ei voi ihan räpeltämällä päästä toppiin.",Pysty (wall),"Krimppi (crimp), Reuna/kantti (edge/ledge)","Huukkaus (hook), Kestävyys (endurance), Sormivoima (finger strength), Tasapaino (balance), Tekniikka (technique)",Kyllä,Humpuukitalous,Kyllä,"Väsyttävä, atleettinen, voimallinen","Vaatii voimaa käsistä ja keskivartalosta, on hyvin selkeä linja, tekniikkaa voi käyttää monipuolisesti hyväksi. ","Hänkki (overhang), Kantti (arête)",Reuna/kantti (edge/ledge),"Keskivartalo (core), Kestävyys (endurance), Sormivoima (finger strength), Tekniikka (technique), Voima (power)"
12/18/2017 19:25:59,Kyllä,25 - 29,Nainen,164,6A,Släbi,Kyllä,"Korkea, mukava, halaileva",,Släbi (slab),"Reuna/kantti (edge/ledge), Pinchi (pinch)","Keskivartalo (core), Kestävyys (endurance), Liikkuvuus (mobility), Psyykkinen vahvuus  (mental strength), Tasapaino (balance)",Ei,,,,,,,,,,,,,,,
12/18/2017 19:44:49,Kyllä,55 - 59,Mies,173,7C,Hirviö,Kyllä,"Esteettinen, kauhistuttava, lumoava",Monipuoliset muuvit jotka jatkuvat tasaisen vaikeasti.,Katto (roof),"Reuna/kantti (edge/ledge), Nyrkkijammi","Keskivartalo (core), Kestävyys (endurance), Kompressio (compression), Liikkuvuus (mobility), Psyykkinen vahvuus  (mental strength), Tekniikka (technique), Voima (power), Jammaus",Kyllä,Haukkis-traverse,Kyllä,"Hauska, pitkä, läpsyttelyä","Helppo treenata kestävyyttä, mukavalla paikalla.","Pysty (wall), Hänkki (overhang)","Slouppi (sloper), Pinchi (pinch)","Keskivartalo (core), Kestävyys (endurance), Tekniikka (technique)",Kyllä,Kahvojen ketju,Kyllä,"Tekninen, pitkä, monipuolinen",Monipuoliset jammit,Katto (roof),"Nyrkkijammi, käsijammi, jalkajammi,  thinhandjammi","Keskivartalo (core), Kestävyys (endurance), Kompressio (compression), Liikkuvuus (mobility), Psyykkinen vahvuus  (mental strength), Tekniikka (technique), Voima (power), Jammaustaito"
12/18/2017 20:40:59,Kyllä,30 - 34,Mies,180,6A,Long Joe,Ei,Mikä on adjektiivi?,Hyvä traverse,"Släbi (slab), Pysty (wall), Hänkki (overhang), Katto (roof), Kantti (arête), Hyvä traverse pääsin puoliväliin melkein","Kahva (jug), Krimppi (crimp), Slouppi (sloper), Reuna/kantti (edge/ledge), Pinchi (pinch), Poketti (pocket), Gastoni (gaston), Underi (undercling), Hyvä traverse","Keskivartalo (core), Dyno (dyno), Huukkaus (hook), Kestävyys (endurance), Kompressio (compression), Liikkuvuus (mobility), Mantteli (mantel), Psyykkinen vahvuus  (mental strength), Sormivoima (finger strength), Tasapaino (balance), Tekniikka (technique), Voima (power), Erihyvä traverse-koordinaatio",Kyllä,Long Joen viereinen traverse,Ei,Vittumainen pyllerrys,Hyvä traverse,"Släbi (slab), Pysty (wall), Hänkki (overhang), Katto (roof), Kantti (arête), Emt","Kahva (jug), Krimppi (crimp), Slouppi (sloper), Reuna/kantti (edge/ledge), Pinchi (pinch), Poketti (pocket), Gastoni (gaston), Underi (undercling), Kyinen kurkotus","Keskivartalo (core), Dyno (dyno), Huukkaus (hook), Kestävyys (endurance), Kompressio (compression), Liikkuvuus (mobility), Mantteli (mantel), Psyykkinen vahvuus  (mental strength), Sormivoima (finger strength), Tasapaino (balance), Tekniikka (technique), Voima (power), Hyvä keskikokoinen spottaaja",Ei,,,,,,,
12/18/2017 20:47:48,Kyllä,25 - 29,Mies,172,7B,Ruoska,Kyllä,"Tekninen, voimakas, kuumottava","Tasaisen haastava ja poikkeuksellisen korkea (tampereen alueella). Hienot muuvit, useita minikrukseja",Pysty (wall),Krimppi (crimp),"Keskivartalo (core), Psyykkinen vahvuus  (mental strength), Sormivoima (finger strength), Tekniikka (technique)",Ei,,,,,,,,,,,,,,,
12/18/2017 20:49:32,Kyllä,25 - 29,Mies,172,7C,Red October,Kyllä,"jatkuva, sloupahtava, turvallinen",Hienoa herkkää huukkailua ja slouppailua laadukkaalla kivellä,Hänkki (overhang),"Slouppi (sloper), Pinchi (pinch)","Keskivartalo (core), Huukkaus (hook), Voima (power)",Ei,,,,,,,,,,,,,,,
12/18/2017 21:32:55,Kyllä,50 - 54,Mies,186,7C,Kun Jari koskee,Kyllä,"Upea, kaunis, paras",Pala fontsua Suomessa,"Kantti (arête), Kompressio",Reuna/kantti (edge/ledge),"Huukkaus (hook), Kompressio (compression), Tasapaino (balance), Tekniikka (technique)",Ei,,,,,,,,,,,,,,,
12/18/2017 22:26:23,Kyllä,25 - 29,Mies,167,8A+,Timantit ovat ikuisia,Kyllä,"silmiähivelevä, kirpeitäkrimppejä, uljaskomiakaunis","Selkeä linja, selkeillä otteilla. Tosi hieno linja, jossa hyvät moovit. Kirsikkana kakun päällä ilmava toppaus, joka on semihaastava. ",Pysty (wall),Krimppi (crimp),"Kestävyys (endurance), Psyykkinen vahvuus  (mental strength), Sormivoima (finger strength), Tasapaino (balance), Tekniikka (technique)",Ei,,,,,,,,,,,,,,,
12/19/2017 9:55:50,Kyllä,25 - 29,Mies,171,7B,Voodoo,Kyllä,"Katto, reachy, pitkä","Pitkä staminapumppu, selkeä kruksi keskellä.",Katto (roof),"Kahva (jug), Krimppi (crimp), Reuna/kantti (edge/ledge), Underi (undercling)","Keskivartalo (core), Huukkaus (hook), Kestävyys (endurance), Liikkuvuus (mobility), Sormivoima (finger strength), Tekniikka (technique)",Kyllä,Lorién,Kyllä,"Bold, erilainen, hieno","Yksinäinen kivi metsässä, muutama vaikea ja hieno reitti. Lorien teknisesti hienoin ja ainakin toiseksi kuumottavin","Pysty (wall), Hänkki (overhang)","Kahva (jug), Krimppi (crimp), Slouppi (sloper)","Psyykkinen vahvuus  (mental strength), Sormivoima (finger strength), Tekniikka (technique)",Ei,,,,,,,
12/19/2017 10:03:10,Kyllä,30 - 34,Mies,179,8A,Paskapäivä,Kyllä,"jyrkkä, kompressio, selkeä linja", Kingi linja kauniissa ympäristössä.,Hänkki (overhang),"Kahva (jug), Krimppi (crimp)","Keskivartalo (core), Huukkaus (hook), Kompressio (compression), Voima (power)",Kyllä,Grand Slam,Kyllä,"Kaunis, ylväs, korkeahko",Metsän helmi,Pysty (wall),"Krimppi (crimp), Reuna/kantti (edge/ledge)","Dyno (dyno), Tasapaino (balance)",Kyllä,Millyways,Kyllä,"Tekninen, tasaisen vaikea, monipuolinen","Miellyttävät otteet, tarjoaa monipuolista kiipeilyä ja usempia betoja. ","Hänkki (overhang), Kantti (arête)","Krimppi (crimp), Slouppi (sloper), Reuna/kantti (edge/ledge)","Keskivartalo (core), Dyno (dyno), Huukkaus (hook), Liikkuvuus (mobility), Sormivoima (finger strength), Tekniikka (technique), Voima (power)"
12/19/2017 11:20:57,Kyllä,30 - 34,Mies,164,8A,Mahjongg,Kyllä,"Täydellistä kiveä, esteettinen, sopivan korkea",,"Hänkki (overhang), Kantti (arête)","Kahva (jug), Krimppi (crimp), Slouppi (sloper), Reuna/kantti (edge/ledge), Pinchi (pinch)","Keskivartalo (core), Huukkaus (hook), Kestävyys (endurance), Kompressio (compression), Tekniikka (technique), Voima (power)",Kyllä,Puerto Rico,Kyllä,"kiva, pikku, mantteli",,Släbi (slab),Slouppi (sloper),"Mantteli (mantel), Tasapaino (balance), Tekniikka (technique)",Kyllä,"Vuoden släbi ""two pitches""",Ei,"high, hard, technic",,Släbi (slab),"Krimppi (crimp), Slouppi (sloper), Gastoni (gaston)","Liikkuvuus (mobility), Mantteli (mantel), Psyykkinen vahvuus  (mental strength), Sormivoima (finger strength), Tasapaino (balance), Tekniikka (technique)"
12/19/2017 15:13:52,Kyllä,35 - 39,Mies,178,6B,Slummin linja,Kyllä,"Ilmava, harmaa, kalteva",Kiven laatu,Hänkki (overhang),"Kahva (jug), Slouppi (sloper), Takakahva","Psyykkinen vahvuus  (mental strength), Tekniikka (technique)",Ei,,,,,,,,,,,,,,,
12/19/2017 15:51:24,Kyllä,20 - 24,Mies,195,7B,Alcoholocaust,Kyllä,"Semikorkea, Krimppi, Toppaus",Mukavan pieniä krimppejä sekä kivoja flägejä,Pysty (wall),Krimppi (crimp),"Liikkuvuus (mobility), Sormivoima (finger strength), Tasapaino (balance), Tekniikka (technique)",Ei,,,,,,,,,,,,,,,
12/20/2017 10:38:26,Kyllä,20 - 24,Mies,175,6B+,Dodo,Ei,"Voimakas, pelottava, näyttävä",,Hänkki (overhang),"Krimppi (crimp), Reuna/kantti (edge/ledge)","Keskivartalo (core), Psyykkinen vahvuus  (mental strength), Sormivoima (finger strength)",Kyllä,Hammas RIP,Ei,"Esteettinen, selkeälinjainen, voimakas",,Hänkki (overhang),"Kahva (jug), Krimppi (crimp)","Huukkaus (hook), Sormivoima (finger strength), Voima (power)",Ei,,,,,,,
12/20/2017 10:40:35,Kyllä,30 - 34,Mies,185,7C,On se kova,Kyllä,"Mehukas, jäntevä, savuinen",,Hänkki (overhang),"Krimppi (crimp), Reuna/kantti (edge/ledge)","Keskivartalo (core), Dyno (dyno), Huukkaus (hook), Kestävyys (endurance), Kompressio (compression), Psyykkinen vahvuus  (mental strength), Sormivoima (finger strength), Voima (power)",Ei,,,,,,,,,,,,,,,
12/20/2017 10:47:34,Kyllä,20 - 24,Mies,186,7B+,Kukkakeppi,Kyllä,"Korkea, herkkä, helppo",,Kantti (arête),Reuna/kantti (edge/ledge),"Keskivartalo (core), Tasapaino (balance)",Kyllä,Pot smoker,Kyllä,"Voimallinen, sisäkiipeilyllinen, hänkki",,Hänkki (overhang),Kahva (jug),"Keskivartalo (core), Voima (power)",Ei,,,,,,,
12/20/2017 12:02:13,Kyllä,25 - 29,Mies,171,7B+,Herkules,Kyllä,"Komea, korkea, kaunis",,Kantti (arête),Reuna/kantti (edge/ledge),"Huukkaus (hook), Kompressio (compression), Psyykkinen vahvuus  (mental strength)",Ei,,,,,,,,,,,,,,,
12/20/2017 13:23:15,Kyllä,25 - 29,Mies,183,7A+,Sittis ss,Ei,"Monipuolinen, hienot liikkeet, tekninen",,"Pysty (wall), Kantti (arête)","Krimppi (crimp), Slouppi (sloper)","Keskivartalo (core), Kompressio (compression), Tasapaino (balance), Tekniikka (technique), Pituus / morpho",Ei,,,,,,,,,,,,,,,
12/20/2017 21:11:02,Kyllä,45 - 49,Mies,178,7B,Kun Jari koskee,Kyllä,"Houkutteleva, pehmeä, tasapainoinen",Vaatii keskittymistä sekä taitoa,Kantti (arête),Slouppi (sloper),"Keskivartalo (core), Huukkaus (hook), Liikkuvuus (mobility), Psyykkinen vahvuus  (mental strength), Tekniikka (technique)",Ei,,,,,,,,,,,,,,,
12/21/2017 0:08:44,Kyllä,30 - 34,Mies,185,7B+,Livin' acro,Kyllä,"Pähkinä, sensitiivinen, yllättävä",,Pysty (wall),"Slouppi (sloper), Reuna/kantti (edge/ledge)","Mantteli (mantel), Tasapaino (balance), Tekniikka (technique)",Kyllä,Lippatraverse,Kyllä,"Tasainen, mukavaotteinen, kitkaa vaativa",,Kantti (arête),Slouppi (sloper),"Huukkaus (hook), Mantteli (mantel), Voima (power)",Kyllä,Kukkakeppi,Kyllä,"Näyttävä, ainutlaatuinen, vaikea",,Kantti (arête),Reuna/kantti (edge/ledge),"Tasapaino (balance), Tekniikka (technique)"
12/21/2017 21:03:44,Kyllä,40 - 44,Mies,172,7C,Supermartikainen,Kyllä,"Upea, kaunis, haastava",Klassikkoreitti,"Hänkki (overhang), Kantti (arête)","Slouppi (sloper), Reuna/kantti (edge/ledge)","Huukkaus (hook), Kompressio (compression)",Kyllä,Endless hangover,Kyllä,"Monipuolinen, jännittävä, pelottava",Hienot muuvit ja huukkeja. ,Hänkki (overhang),"Kahva (jug), Krimppi (crimp)","Huukkaus (hook), Voima (power)",Kyllä,Kompressöör,Kyllä,"Herkkä, herkkä, herkkä ",,"Släbi (slab), Pysty (wall)",Slouppi (sloper),"Huukkaus (hook), Kompressio (compression), Tasapaino (balance), Tekniikka (technique)"
12/21/2017 22:47:22,Kyllä,40 - 44,Nainen,159,7A,Puerto Rico,Kyllä,"Herkkä, päätähuimaava, jännä","Sijainti omaa luokkaansa Fågelbergetissä, kaunis paikka.",Pysty (wall),"Krimppi (crimp), Slouppi (sloper), Underi (undercling)","Liikkuvuus (mobility), Psyykkinen vahvuus  (mental strength), Tasapaino (balance), Tekniikka (technique)",Ei,,,,,,,,,,,,,,,
12/22/2017 11:20:49,Kyllä,40 - 44,Mies,171,7B+,Kaljala,Kyllä,"Jatkuva, otteikas, visuaalinen","Hieno, jatkuva pätkä hyvillä otteilla ja muuveilla.",Hänkki (overhang),"Kahva (jug), Reuna/kantti (edge/ledge), Pinchi (pinch)","Keskivartalo (core), Tekniikka (technique), Voima (power)",Kyllä,Witness the fatness,Kyllä,"tekninen, voimallinen, jatkuva","Jatkuvaa, voimallista mutta teknistä kiipeilyä hyvällä kivenlaadulla ja hyvillä otteilla.","Hänkki (overhang), Katto (roof)","Kahva (jug), Krimppi (crimp), Slouppi (sloper)","Keskivartalo (core), Tekniikka (technique), Voima (power)",Kyllä,Comfort Zone,Ei,"tekninen, psyykkinen, kaunis",Hieno släbi niukoilla otteilla. Kiipeilyä lähes pelkillä jaloilla. Olis klassikko missä vaan.,Släbi (slab),"Krimppi (crimp), jalkaotteet","Psyykkinen vahvuus  (mental strength), Tasapaino (balance), Tekniikka (technique)"
12/22/2017 11:51:06,Kyllä,35 - 39,Mies,182,7C+,Suomalaista muotoilua,Kyllä,"Muhkea, lowball, hylje",Lapin paras toppaus,"Hänkki (overhang), valaanmaha",Reuna/kantti (edge/ledge),"Kompressio (compression), Mantteli (mantel)",Ei,,,,,,,,,,,,,,,
12/22/2017 12:05:52,Kyllä,40 - 44,Mies,183,8A,Isildur assis,Kyllä,"kompressio, dynaaminen, jatkuva ",,Hänkki (overhang),"Krimppi (crimp), Slouppi (sloper)","Dyno (dyno), Kompressio (compression)",Kyllä,The Globalist,Ei,"kompressio, slouppaava, voimallinen",,Hänkki (overhang),"Krimppi (crimp), Slouppi (sloper), Pinchi (pinch)","Huukkaus (hook), Kompressio (compression), Mantteli (mantel)",Kyllä,Living the Dream,Ei,"Upea, veistoksellinen, erikoinen",,"Katto (roof), Kantti (arête)","Krimppi (crimp), Reuna/kantti (edge/ledge)","Keskivartalo (core), Dyno (dyno), Voima (power)"
12/22/2017 12:33:50,Kyllä,25 - 29,Nainen,173,7A+,Heureka,Kyllä,"Yllättävä, hankala, ongelmallinen",Tarvittava herkkyys ja voimien mitouttaminen yllätti. ,Pysty (wall),Krimppi (crimp),"Keskivartalo (core), Liikkuvuus (mobility), Psyykkinen vahvuus  (mental strength), Sormivoima (finger strength), Tasapaino (balance), Tekniikka (technique)",Kyllä,Hammertime,Ei,"Sulava, kiipeilyllinen, korkea","Kiipeilylliset pitkät muuvit, mutta hyvät otteet. Korkeus pelottaa topatessa (tai topista pakittaessa)' ","Pysty (wall), Korkea",Hyvää otetta. ,"Keskivartalo (core), Liikkuvuus (mobility), Psyykkinen vahvuus  (mental strength)",Kyllä,Suomalaista muotoilua,Kyllä,"Kaunis, hauska, yllättävä",Marttiservolla kivenlaatu takaa miellyttävän kiipeilyn.,Fontsutyylinen pallura. ,"Kahva (jug), Slouppi (sloper)","Kompressio (compression), Voima (power)"
12/22/2017 13:07:13,Kyllä,30 - 34,Mies,190,7A,Hyvä!,Kyllä,"hyvä, vaikea, voimallinen","Boulderointia parhaimmillaan, selkä maata viistäen. Masentavan alhainen greidi vaikeuteen nähden.",Katto (roof),"Krimppi (crimp), Slouppi (sloper)","Keskivartalo (core), Huukkaus (hook), Kestävyys (endurance), Psyykkinen vahvuus  (mental strength)",Kyllä,Ruoska,Kyllä,"herkkä, tekninen, korkea","Hienon hieno pystysuora haaste. Hyvä kivenlaatu, selkeät mutta vaikeat muuvit. Jokaiselle kehotyypille omat haasteensa eikä millään ominaisuudella voi huijata.",Pysty (wall),"Krimppi (crimp), Slouppi (sloper), Poketti (pocket), Gastoni (gaston)","Keskivartalo (core), Tekniikka (technique)",Kyllä,Hallonpingvin,Kyllä,"Tekninen, krimpikäs, tyydyttävä","Hienolla sijainnilla oleva, sopivasti haastava ja teknisesti hieno.",Pysty (wall),Krimppi (crimp),"Sormivoima (finger strength), Tekniikka (technique)"
12/22/2017 13:14:42,Kyllä,30 - 34,Mies,174,7B+,Lobotomy wall,Kyllä,"JÄNNÄ, LAADUKAS, KORKEA","HIENOT MUUVIT, EI KOVIN VAIKEA, MUTTA KORKEUS TUO MUKANAAN HAASTETTA. LOPUN MUUVIT EI LAINKAAN VAIKEITA, MUTTA VARMASTI JÄNITTÄÄ. KIVEN LAATU ON MYÖS AIVAN TIMANTTIA","Släbi (slab), Pysty (wall)","Krimppi (crimp), Gastoni (gaston)","Psyykkinen vahvuus  (mental strength), Sormivoima (finger strength)",Kyllä,Tyhjä sielu,Kyllä,"VOIMALLINEN, POIKEUKSELLINEN, HAUSKA","EI EHKÄ VAIKEIN GREIDISSÄÄN, MUTTA HAUSKAA  JA EPÄTYYPILLISTÄ KIIPEILYÄ SUOMALAISELTA BOULDERILTA, KIVEN LAATU MYÖS LÄHTÖKOHTAISESTI HYVÄ!",Hänkki (overhang),"Krimppi (crimp), Slouppi (sloper), Pinchi (pinch)","Huukkaus (hook), Voima (power)",Kyllä,Kun Jari koskee,Kyllä,"ERILLAINEN, HIENO, HYVÄ","TIMANTTISTA KIVEÄ, HAUSKOJA MUUVEJA. EI LIAAN VAIKEAA TAI VAKAVAMIELISTÄ VÄÄNTÄMISTÄ.",Pysty (wall),Slouppi (sloper),"Keskivartalo (core), Tasapaino (balance), Tekniikka (technique)"
12/22/2017 13:29:06,Kyllä,30 - 34,Mies,178,7C,Painajainen,Kyllä,"Ylväs, pelottavahko, selkeä",,Hänkki (overhang),"Kahva (jug), Krimppi (crimp), Slouppi (sloper), Pinchi (pinch)","Keskivartalo (core), Dyno (dyno), Mantteli (mantel), Psyykkinen vahvuus  (mental strength), Sormivoima (finger strength)",Kyllä,Ruoska,Kyllä,"Tekninen, kaunis, monipuolinen",,"Hänkki (overhang), Kantti (arête)","Kahva (jug), Krimppi (crimp), Slouppi (sloper), Reuna/kantti (edge/ledge), Poketti (pocket), Gastoni (gaston), Underi (undercling)","Keskivartalo (core), Psyykkinen vahvuus  (mental strength), Sormivoima (finger strength), Tasapaino (balance), Tekniikka (technique)",Kyllä,Martikainen,Kyllä,"Klassinen, nätti, dynaaminen",,"Hänkki (overhang), Kantti (arête)","Kahva (jug), Krimppi (crimp), Slouppi (sloper), Reuna/kantti (edge/ledge)","Dyno (dyno), Huukkaus (hook), Sormivoima (finger strength), Voima (power)"
12/22/2017 13:35:38,Kyllä,30 - 34,Mies,190,7C,Grand Slam,Ei,"Hieno, korkea, armoton",Ulkonäkö ja muuvit ja aivan erityisesti viimeiset viisi senttiä.,Pysty (wall),Krimppi (crimp),"Dyno (dyno), Sormivoima (finger strength), Tasapaino (balance), Tekniikka (technique)",Ei,,,,,,,,,,,,,,,
12/22/2017 13:54:49,Kyllä,25 - 29,Mies,179,6B,Lemmen jättiläinen,Kyllä,"Kaunis, lempeä, jättiläinen",,Hänkki (overhang),Krimppi (crimp),"Keskivartalo (core), Sormivoima (finger strength)",Ei,,,,,,,,,,,,,,,
12/22/2017 20:18:14,Kyllä,35 - 39,Mies,189,7C,Analstacia,Kyllä,"Hänkki, monipuolinen, laadukas","Hyvä kivenlaatu, monipuoliset muuvit, tarjoaa hyvän läpileikkauksen eri tekniikoista ja korkeuttakin on senverran että henkinen puoli testataan myös!",Hänkki (overhang),"Krimppi (crimp), Slouppi (sloper), Reuna/kantti (edge/ledge)","Dyno (dyno), Huukkaus (hook), Mantteli (mantel), Psyykkinen vahvuus  (mental strength), Sormivoima (finger strength), Voima (power)",Kyllä,Roadblock,Kyllä,"Kaunis, ilmava, tekninen","Se että ilman oikeaa betaa et välttämättä pääse edes maasta ylös. Hyvä kivenlaatu, hienot moovit: herkät ja tekniset jalat yhdistettynä yläkropan runttaaviin mooveihin. Lisäksi toppauksen ilmavuus ja äärimmäisen lyhyt lähestyminen tekee tästä klassikon!","Pysty (wall), Hänkki (overhang), Kantti (arête)","Krimppi (crimp), Slouppi (sloper), Reuna/kantti (edge/ledge), Underi (undercling)","Dyno (dyno), Psyykkinen vahvuus  (mental strength), Sormivoima (finger strength), Tekniikka (technique), Voima (power)",Ei,,,,,,,
12/26/2017 17:45:32,Kyllä,45 - 49,Nainen,165,7A,Jotain dullattavaa,Kyllä,"Hauska, pumppaava, hieno","Jalat pitää katsoa huolella. Kun olet päässyt traverseosuuden, oot ihan pumpissa ja silloin pitäisi jaksaa kiivetä ylöspäin.",traverse,Reuna/kantti (edge/ledge),"Huukkaus (hook), Kestävyys (endurance), Voima (power)",Ei,,,,,,,,,,,,,,,
12/26/2017 22:04:03,Kyllä,35 - 39,Mies,176,7C,Pimp my ride,Kyllä,"Upea, upeampi, upein","Sen tietää, kun sen näkee. Sen tuntee, kun siihen koskee.",Kantti (arête),Slouppi (sloper),"Huukkaus (hook), Tekniikka (technique)",Ei,,,,,,,,,,,,,,,
12/27/2017 10:41:07,Kyllä,45 - 49,Mies,177,7C,Finger to the bone,Kyllä,"Lyhyt,jammi,tasapaino",Riittämätön jo 10 vuotta,Hänkki (overhang),Kapea jammi,"Psyykkinen vahvuus  (mental strength), Sormivoima (finger strength), Tekniikka (technique)",Kyllä,Feel so good to be afraid,Kyllä,Korkea,Toistamaton,Pysty (wall),Reuna/kantti (edge/ledge),"Psyykkinen vahvuus  (mental strength), Tasapaino (balance)",Kyllä,Foot of the Mountain,Kyllä,Korkea,Toistamaton,Pysty (wall),Krimppi (crimp),"Psyykkinen vahvuus  (mental strength), Tasapaino (balance)"
12/28/2017 11:09:29,Kyllä,25 - 29,Mies,180,8A,Kaljala,Kyllä,"Uniikki, voimallinen ja kaunis",,Hänkki (overhang),Krimppi (crimp),"Keskivartalo (core), Sormivoima (finger strength), Tekniikka (technique), Voima (power)",Ei,,,,,,,,,,,,,,,
12/28/2017 16:14:21,Kyllä,15 - 19,Mies,169,7C,Ylityö,Kyllä,"Loistava, täydellinen, erinomainen",,"Pysty (wall), Hänkki (overhang)","Kahva (jug), Krimppi (crimp), Pinchi (pinch), Poketti (pocket)","Dyno (dyno), Huukkaus (hook), Psyykkinen vahvuus  (mental strength), Tekniikka (technique), Voima (power)",Kyllä,Folkhälsan,Kyllä,"Uskomaton, upea, korvaamaton",,Hänkki (overhang),"Slouppi (sloper), Reuna/kantti (edge/ledge), Pinchi (pinch)","Keskivartalo (core), Huukkaus (hook), Kompressio (compression), Voima (power)",Kyllä,Elämä on pyyttonia,Kyllä,"Mieletön, hieno, sileä",,Pysty (wall),Slouppi (sloper),"Huukkaus (hook), Kestävyys (endurance), Liikkuvuus (mobility), Tekniikka (technique)"
12/28/2017 18:50:24,Kyllä,30 - 34,Mies,178,7B+,Hammaspeikko assis,Kyllä,"Monipuolinen, kaunis, yllättävä ","Alusta loppuun tasainen vaikeudeltaan. Hyviä ""pehmeitä"" otteita.","Pysty (wall), Katto (roof), Kantti (arête)","Krimppi (crimp), Reuna/kantti (edge/ledge)","Kestävyys (endurance), Tekniikka (technique)",Kyllä,Ruoska,Kyllä,"Klassinen, herkkä, selkeä",Kaunis klassinen linja. ,Pysty (wall),"Krimppi (crimp), Reuna/kantti (edge/ledge), Gastoni (gaston), Underi (undercling)","Keskivartalo (core), Kompressio (compression), Tekniikka (technique)",Ei,,,,,,,
12/30/2017 0:17:40,Kyllä,30 - 34,Mies,187,7C+,Sirkus,Kyllä,"Herkkä, klassikko, helmi",,"Pysty (wall), Hänkki (overhang)","Krimppi (crimp), Slouppi (sloper), Pinchi (pinch)","Keskivartalo (core), Dyno (dyno)",Ei,,,,,,,,,,,,,,,
12/31/2017 9:08:25,Kyllä,35 - 39,Mies,176,7C,Comfort Zone,Kyllä,"herkkä, voimakas, kaunis",,Släbi (slab),Krimppi (crimp),"Keskivartalo (core), Liikkuvuus (mobility), Psyykkinen vahvuus  (mental strength), Tasapaino (balance), Tekniikka (technique)",Ei,,,,,,,,,,,,,,,
1/2/2018 15:36:42,Kyllä,25 - 29,Mies,180,7B,Valaskala,Kyllä,"kuumottava,palkitseva,jylhä",,"Släbi (slab), Pysty (wall)","Kahva (jug), Krimppi (crimp)","Psyykkinen vahvuus  (mental strength), Sormivoima (finger strength), Tasapaino (balance), Tekniikka (technique)",Ei,,,,,,,,,,,,,,,
1/5/2018 10:54:53,Kyllä,30 - 34,Mies,180,7A+,Highlight assis,Kyllä,"Herkkä, Pitkä, Loppukliimaksinen",,Pysty (wall),"Krimppi (crimp), Slouppi (sloper), Reuna/kantti (edge/ledge)","Keskivartalo (core), Huukkaus (hook), Kestävyys (endurance), Sormivoima (finger strength), Tasapaino (balance)",Ei,,,,,,,,,,,,,,,